Assay_Type	AvgSpotLen	BioSample	BioSampleModel	Experiment	Instrument	LibrarySelection	LibrarySource	Library_Name	LoadDate	MBases	MBytes	Organism	Run	SRA_Sample	Sample_ID	Sample_Name	biomaterial_provider	cell_line	cell_type	isolate	replicate	BioProject	Center_Name	Consent	DATASTORE_filetype	DATASTORE_provider	InsertSize	LibraryLayout	Platform	ReleaseDate	SRA_Study	age	cell_subtype	culture_collection	sample_type	sex	tissue
Synthetic-Long-Read	84	SAMN04858327	Human	SRX1706811	Illumina HiSeq 2000	other	SYNTHETIC	CEBPb_ACE87071.1_BKRTTRCGYAA	2016-04-20	56	24	Homo sapiens	SRR3405054	SRS1398474	CEBPb_ACE87071.1_BKRTTRCGYAA	CEBPb	ORFeome collection	not applicable	not applicable	not applicable		PRJNA318578	EPFL	public	sra	ncbi	0	SINGLE	ILLUMINA	2016-06-06	SRP073361	not applicable	not applicable	not applicable	human TF	not applicable	not applicable
Synthetic-Long-Read	101	SAMN04858328	Human	SRX1706818	Illumina HiSeq 2000	other	SYNTHETIC	CTCF_1_ABM86760.1_DCCWSKRGRKGGMGY	2016-04-20	18	10	Homo sapiens	SRR3405055	SRS1398467	CTCF_1_ABM86760.1_DCCWSKRGRKGGMGY	CTCF_replicate1	ORFeome collection	not applicable	not applicable	not applicable	1	PRJNA318578	EPFL	public	sra	ncbi	0	SINGLE	ILLUMINA	2016-06-06	SRP073361	not applicable	not applicable	not applicable	human TF	not applicable	not applicable
Synthetic-Long-Read	101	SAMN04858337	Human	SRX1706827	Illumina HiSeq 2000	other	SYNTHETIC	GCM1_AIC50138.1_HYTRATTR	2016-04-20	268	97	Homo sapiens	SRR3405056	SRS1398485	GCM1_AIC50138.1_HYTRATTR	GCM1	ORFeome collection	not applicable	not applicable	not applicable		PRJNA318578	EPFL	public	sra	ncbi	0	SINGLE	ILLUMINA	2016-06-06	SRP073361	not applicable	not applicable	not applicable	human TF	not applicable	not applicable
Synthetic-Long-Read	101	SAMN04858338	Human	SRX1706823	Illumina HiSeq 2000	other	SYNTHETIC	cJUN_1_ABM87431.1_SRATGACGYMA	2016-04-20	2	0	Homo sapiens	SRR3405057	SRS1398489	cJUN_1_ABM87431.1_SRATGACGYMA	cJUN_replicate1	ORFeome collection	not applicable	not applicable	not applicable	1	PRJNA318578	EPFL	public	sra	ncbi	0	SINGLE	ILLUMINA	2016-06-06	SRP073361	not applicable	not applicable	not applicable	human TF	not applicable	not applicable
Synthetic-Long-Read	101	SAMN04858339	Human	SRX1706834	Illumina HiSeq 2000	other	SYNTHETIC	cJUN_2_ABM87431.1_SRATGACGYMA	2016-04-20	0	0	Homo sapiens	SRR3405058	SRS1398478	cJUN_2_ABM87431.1_SRATGACGYMA	cJUN_replicate2	ORFeome collection	not applicable	not applicable	not applicable	2	PRJNA318578	EPFL	public	sra	ncbi	0	SINGLE	ILLUMINA	2016-06-06	SRP073361	not applicable	not applicable	not applicable	human TF	not applicable	not applicable
Synthetic-Long-Read	101	SAMN04858340	Human	SRX1706845	Illumina HiSeq 2000	other	SYNTHETIC	cJUN_3_ABM87431.1_SRATGACGYMA	2016-04-20	8	5	Homo sapiens	SRR3405059	SRS1398496	cJUN_3_ABM87431.1_SRATGACGYMA	cJUN_replicate3	ORFeome collection	not applicable	not applicable	not applicable	3	PRJNA318578	EPFL	public	sra	ncbi	0	SINGLE	ILLUMINA	2016-06-06	SRP073361	not applicable	not applicable	not applicable	human TF	not applicable	not applicable
Synthetic-Long-Read	101	SAMN04858341	Human	SRX1706828	Illumina HiSeq 2000	other	SYNTHETIC	JUNB_ABM87265.1_ATGASKCA	2016-04-20	12	7	Homo sapiens	SRR3405060	SRS1398484	JUNB_ABM87265.1_ATGASKCA	JUNB	ORFeome collection	not applicable	not applicable	not applicable		PRJNA318578	EPFL	public	sra	ncbi	0	SINGLE	ILLUMINA	2016-06-06	SRP073361	not applicable	not applicable	not applicable	human TF	not applicable	not applicable
Synthetic-Long-Read	101	SAMN04858342	Human	SRX1706837	Illumina HiSeq 2000	other	SYNTHETIC	JUND_NP_001273897.1_SKATKMGTCAT	2016-04-20	22	8	Homo sapiens	SRR3405061	SRS1398475	JUND_NP_001273897.1_SKATKMGTCAT	JUND	ORFeome collection	not applicable	not applicable	not applicable		PRJNA318578	EPFL	public	sra	ncbi	0	SINGLE	ILLUMINA	2016-06-06	SRP073361	not applicable	not applicable	not applicable	human TF	not applicable	not applicable
Synthetic-Long-Read	101	SAMN04858343	Human	SRX1706842	Illumina HiSeq 2000	other	SYNTHETIC	LEF1_1_ABZ92402.1_BBCTTTGA	2016-04-20	0	0	Homo sapiens	SRR3405062	SRS1398499	LEF1_1_ABZ92402.1_BBCTTTGA	LEF1_replicate1	ORFeome collection	not applicable	not applicable	not applicable	1	PRJNA318578	EPFL	public	sra	ncbi	0	SINGLE	ILLUMINA	2016-06-06	SRP073361	not applicable	not applicable	not applicable	human TF	not applicable	not applicable
Synthetic-Long-Read	101	SAMN04858344	Human	SRX1706843	Illumina HiSeq 2000	other	SYNTHETIC	LEF1_2_ABZ92402.1_BBCTTTGA	2016-04-20	9	3	Homo sapiens	SRR3405063	SRS1398498	LEF1_2_ABZ92402.1_BBCTTTGA	LEF1_replicate2	ORFeome collection	not applicable	not applicable	not applicable	2	PRJNA318578	EPFL	public	sra	ncbi	0	SINGLE	ILLUMINA	2016-06-06	SRP073361	not applicable	not applicable	not applicable	human TF	not applicable	not applicable
Synthetic-Long-Read	84	SAMN04858345	Human	SRX1706844	Illumina HiSeq 2000	other	SYNTHETIC	LHX6_AIC59953.1_HYTRATTR	2016-04-20	79	34	Homo sapiens	SRR3405064	SRS1398497	LHX6_AIC59953.1_HYTRATTR	LHX6	ORFeome collection	not applicable	not applicable	not applicable		PRJNA318578	EPFL	public	sra	ncbi	0	SINGLE	ILLUMINA	2016-06-06	SRP073361	not applicable	not applicable	not applicable	human TF	not applicable	not applicable
Synthetic-Long-Read	101	SAMN04858346	Human	SRX1706846	Illumina HiSeq 2000	other	SYNTHETIC	MAX_1_AIC49171.1_CACRTGDH	2016-04-20	364	131	Homo sapiens	SRR3405065	SRS1398495	MAX_1_AIC49171.1_CACRTGDH	MAX_replicate1	ORFeome collection	not applicable	not applicable	not applicable	1	PRJNA318578	EPFL	public	sra	ncbi	0	SINGLE	ILLUMINA	2016-06-06	SRP073361	not applicable	not applicable	not applicable	human TF	not applicable	not applicable
Synthetic-Long-Read	101	SAMN04858329	Human	SRX1706819	Illumina HiSeq 2000	other	SYNTHETIC	CTCF_2_ABM86760.1_DCCWSKRGRKGGMGY	2016-04-20	9	5	Homo sapiens	SRR3405066	SRS1398466	CTCF_2_ABM86760.1_DCCWSKRGRKGGMGY	CTCF_replicate2	ORFeome collection	not applicable	not applicable	not applicable	2	PRJNA318578	EPFL	public	sra	ncbi	0	SINGLE	ILLUMINA	2016-06-06	SRP073361	not applicable	not applicable	not applicable	human TF	not applicable	not applicable
Synthetic-Long-Read	84	SAMN04858347	Human	SRX1706847	Illumina HiSeq 2000	other	SYNTHETIC	MAX_2_AIC49171.1_CACRTGDH	2016-04-20	0	0	Homo sapiens	SRR3405067	SRS1398494	MAX_2_AIC49171.1_CACRTGDH	MAX_replicate2	ORFeome collection	not applicable	not applicable	not applicable	2	PRJNA318578	EPFL	public	sra	ncbi	0	SINGLE	ILLUMINA	2016-06-06	SRP073361	not applicable	not applicable	not applicable	human TF	not applicable	not applicable
Synthetic-Long-Read	84	SAMN04858348	Human	SRX1706848	Illumina HiSeq 2000	other	SYNTHETIC	MYF6_AAH17834.1_DKMCACCHTGWYWM	2016-04-20	29	13	Homo sapiens	SRR3405068	SRS1398493	MYF6_AAH17834.1_DKMCACCHTGWYWM	MYF6	ORFeome collection	not applicable	not applicable	not applicable		PRJNA318578	EPFL	public	sra	ncbi	0	SINGLE	ILLUMINA	2016-06-06	SRP073361	not applicable	not applicable	not applicable	human TF	not applicable	not applicable
Synthetic-Long-Read	101	SAMN04858349	Human	SRX1706849	Illumina HiSeq 2000	other	SYNTHETIC	NFKB1_ABZ92169.1_GGKRMWTYCCC	2016-04-20	114	68	Homo sapiens	SRR3405069	SRS1398492	NFKB1_ABZ92169.1_GGKRMWTYCCC	NFKB1	ORFeome collection	not applicable	not applicable	not applicable		PRJNA318578	EPFL	public	sra	ncbi	0	SINGLE	ILLUMINA	2016-06-06	SRP073361	not applicable	not applicable	not applicable	human TF	not applicable	not applicable
Synthetic-Long-Read	101	SAMN04858350	Human	SRX1706850	Illumina HiSeq 2000	other	SYNTHETIC	NR1H4_ADR83011.1_NAGGTCANNTGCCT	2016-04-20	0	0	Homo sapiens	SRR3405070	SRS1398491	NR1H4_ADR83011.1_NAGGTCANNTGCCT	NR1H4	ORFeome collection	not applicable	not applicable	not applicable		PRJNA318578	EPFL	public	sra	ncbi	0	SINGLE	ILLUMINA	2016-06-06	SRP073361	not applicable	not applicable	not applicable	human TF	not applicable	not applicable
Synthetic-Long-Read	101	SAMN04858351	Human	SRX1706854	Illumina HiSeq 2000	other	SYNTHETIC	NR4A2_1_ACE87072.1_AAAKGTCA	2016-04-20	3	1	Homo sapiens	SRR3405071	SRS1398517	NR4A2_1_ACE87072.1_AAAKGTCA	NR4A2_replicate1	ORFeome collection	not applicable	not applicable	not applicable	1	PRJNA318578	EPFL	public	sra	ncbi	0	SINGLE	ILLUMINA	2016-06-06	SRP073361	not applicable	not applicable	not applicable	human TF	not applicable	not applicable
Synthetic-Long-Read	101	SAMN04858352	Human	SRX1706855	Illumina HiSeq 2000	other	SYNTHETIC	NR4A2_2_ACE87072.1_AAAKGTCA	2016-04-20	8	3	Homo sapiens	SRR3405072	SRS1398514	NR4A2_2_ACE87072.1_AAAKGTCA	NR4A2_replicate2	ORFeome collection	not applicable	not applicable	not applicable	2	PRJNA318578	EPFL	public	sra	ncbi	0	SINGLE	ILLUMINA	2016-06-06	SRP073361	not applicable	not applicable	not applicable	human TF	not applicable	not applicable
Synthetic-Long-Read	83	SAMN04858353	Human	SRX1706860	Illumina HiSeq 2000	other	SYNTHETIC	OCT4__NP_002692.2_ATTWRCATAW	2016-04-20	59	24	Homo sapiens	SRR3405073	SRS1398510	OCT4__NP_002692.2_ATTWRCATAW	OCT4_	ORFeome collection	not applicable	not applicable	not applicable		PRJNA318578	EPFL	public	sra	ncbi	0	SINGLE	ILLUMINA	2016-06-06	SRP073361	not applicable	not applicable	not applicable	human TF	not applicable	not applicable
Synthetic-Long-Read	84	SAMN04858354	Human	SRX1706861	Illumina HiSeq 2000	other	SYNTHETIC	PAX7_AIC54866.1_ATYRATTW	2016-04-20	15	6	Homo sapiens	SRR3405074	SRS1398509	PAX7_AIC54866.1_ATYRATTW	PAX7	ORFeome collection	not applicable	not applicable	not applicable		PRJNA318578	EPFL	public	sra	ncbi	0	SINGLE	ILLUMINA	2016-06-06	SRP073361	not applicable	not applicable	not applicable	human TF	not applicable	not applicable
Synthetic-Long-Read	101	SAMN04858355	Human	SRX1706863	Illumina HiSeq 2000	other	SYNTHETIC	PPARG_ABM85215.1_KKKRGGKYASTRGGK	2016-04-20	2	1	Homo sapiens	SRR3405075	SRS1398507	PPARG_ABM85215.1_KKKRGGKYASTRGGK	PPARG	ORFeome collection	not applicable	not applicable	not applicable		PRJNA318578	EPFL	public	sra	ncbi	0	SINGLE	ILLUMINA	2016-06-06	SRP073361	not applicable	not applicable	not applicable	human TF	not applicable	not applicable
Synthetic-Long-Read	101	SAMN04858356	Human	SRX1706865	Illumina HiSeq 2000	other	SYNTHETIC	RARA_ABM84670.1_WDRGKTCA	2016-04-20	19	7	Homo sapiens	SRR3405076	SRS1398505	RARA_ABM84670.1_WDRGKTCA	RARA	ORFeome collection	not applicable	not applicable	not applicable		PRJNA318578	EPFL	public	sra	ncbi	0	SINGLE	ILLUMINA	2016-06-06	SRP073361	not applicable	not applicable	not applicable	human TF	not applicable	not applicable
Synthetic-Long-Read	101	SAMN04858330	Human	SRX1706820	Illumina HiSeq 2000	other	SYNTHETIC	CTCF_3_ABM86760.1_DCCWSKRGRKGGMGY	2016-04-20	5	2	Homo sapiens	SRR3405078	SRS1398465	CTCF_3_ABM86760.1_DCCWSKRGRKGGMGY	CTCF_replcate3	ORFeome collection	not applicable	not applicable	not applicable	3	PRJNA318578	EPFL	public	sra	ncbi	0	SINGLE	ILLUMINA	2016-06-06	SRP073361	not applicable	not applicable	not applicable	human TF	not applicable	not applicable
Synthetic-Long-Read	101	SAMN04858357	Human	SRX1706869	Illumina HiSeq 2000	other	SYNTHETIC	RORB_1_ABZ92181.1_CWRGSYCAGYRKSKB	2016-04-20	0	0	Homo sapiens	SRR3405079	SRS1398530	RORB_1_ABZ92181.1_CWRGSYCAGYRKSKB	RORB_replicate1	ORFeome collection	not applicable	not applicable	not applicable	1	PRJNA318578	EPFL	public	sra	ncbi	0	SINGLE	ILLUMINA	2016-06-06	SRP073361	not applicable	not applicable	not applicable	human TF	not applicable	not applicable
Synthetic-Long-Read	101	SAMN04858358	Human	SRX1706870	Illumina HiSeq 2000	other	SYNTHETIC	RORB_2_ABZ92181.1_CWRGSYCAGYRKSKB	2016-04-20	8	3	Homo sapiens	SRR3405080	SRS1398529	RORB_2_ABZ92181.1_CWRGSYCAGYRKSKB	RORB_replicate2	ORFeome collection	not applicable	not applicable	not applicable	2	PRJNA318578	EPFL	public	sra	ncbi	0	SINGLE	ILLUMINA	2016-06-06	SRP073361	not applicable	not applicable	not applicable	human TF	not applicable	not applicable
Synthetic-Long-Read	101	SAMN04858359	Human	SRX1706871	Illumina HiSeq 2000	other	SYNTHETIC	RORC_ABM84886.1_WAWDTRGGKCR	2016-04-20	8	3	Homo sapiens	SRR3405081	SRS1398528	RORC_ABM84886.1_WAWDTRGGKCR	RORC	ORFeome collection	not applicable	not applicable	not applicable		PRJNA318578	EPFL	public	sra	ncbi	0	SINGLE	ILLUMINA	2016-06-06	SRP073361	not applicable	not applicable	not applicable	human TF	not applicable	not applicable
Synthetic-Long-Read	84	SAMN04858360	Human	SRX1706872	Illumina HiSeq 2000	other	SYNTHETIC	RXRA_ABZ92182.1_WRRGGTCA	2016-04-20	51	22	Homo sapiens	SRR3405082	SRS1398527	RXRA_ABZ92182.1_WRRGGTCA	RXRA	ORFeome collection	not applicable	not applicable	not applicable		PRJNA318578	EPFL	public	sra	ncbi	0	SINGLE	ILLUMINA	2016-06-06	SRP073361	not applicable	not applicable	not applicable	human TF	not applicable	not applicable
Synthetic-Long-Read	101	SAMN04858362	Human	SRX1706874	Illumina HiSeq 2000	other	SYNTHETIC	SOX10_ABM87470.1_MTTCATTGTTTWK	2016-04-20	0	0	Homo sapiens	SRR3405083	SRS1398525	SOX10_ABM87470.1_MTTCATTGTTTWK	SOX10	ORFeome collection	not applicable	not applicable	not applicable		PRJNA318578	EPFL	public	sra	ncbi	0	SINGLE	ILLUMINA	2016-06-06	SRP073361	not applicable	not applicable	not applicable	human TF	not applicable	not applicable
Synthetic-Long-Read	84	SAMN04858363	Human	SRX1706875	Illumina HiSeq 2000	other	SYNTHETIC	SOX15_ABM84834.1_YWTTGTTH	2016-04-20	7	3	Homo sapiens	SRR3405084	SRS1398524	SOX15_ABM84834.1_YWTTGTTH	SOX15	ORFeome collection	not applicable	not applicable	not applicable		PRJNA318578	EPFL	public	sra	ncbi	0	SINGLE	ILLUMINA	2016-06-06	SRP073361	not applicable	not applicable	not applicable	human TF	not applicable	not applicable
Synthetic-Long-Read	84	SAMN04858364	Human	SRX1706876	Illumina HiSeq 2000	other	SYNTHETIC	SOX17_AAI40308.1_AACAATRV	2016-04-20	1	0	Homo sapiens	SRR3405085	SRS1398523	SOX17_AAI40308.1_AACAATRV	SOX17	ORFeome collection	not applicable	not applicable	not applicable		PRJNA318578	EPFL	public	sra	ncbi	0	SINGLE	ILLUMINA	2016-06-06	SRP073361	not applicable	not applicable	not applicable	human TF	not applicable	not applicable
Synthetic-Long-Read	84	SAMN04858365	Human	SRX1706877	Illumina HiSeq 2000	other	SYNTHETIC	SOX2_ABZ92183.1_ACAAWRVV	2016-04-20	16	7	Homo sapiens	SRR3405086	SRS1398522	SOX2_ABZ92183.1_ACAAWRVV	SOX2	ORFeome collection	not applicable	not applicable	not applicable		PRJNA318578	EPFL	public	sra	ncbi	0	SINGLE	ILLUMINA	2016-06-06	SRP073361	not applicable	not applicable	not applicable	human TF	not applicable	not applicable
Synthetic-Long-Read	84	SAMN04858366	Human	SRX1706879	Illumina HiSeq 2000	other	SYNTHETIC	SOX5_AAH60773.1_AACAAWRV	2016-04-20	6	3	Homo sapiens	SRR3405087	SRS1398520	SOX5_AAH60773.1_AACAAWRV	SOX5	ORFeome collection	not applicable	not applicable	not applicable		PRJNA318578	EPFL	public	sra	ncbi	0	SINGLE	ILLUMINA	2016-06-06	SRP073361	not applicable	not applicable	not applicable	human TF	not applicable	not applicable
Synthetic-Long-Read	84	SAMN04858367	Human	SRX1706880	Illumina HiSeq 2000	other	SYNTHETIC	SOX6_CAL38234.1_RACAAWRV	2016-04-20	2	1	Homo sapiens	SRR3405088	SRS1398519	SOX6_CAL38234.1_RACAAWRV	SOX6	ORFeome collection	not applicable	not applicable	not applicable		PRJNA318578	EPFL	public	sra	ncbi	0	SINGLE	ILLUMINA	2016-06-06	SRP073361	not applicable	not applicable	not applicable	human TF	not applicable	not applicable
Synthetic-Long-Read	84	SAMN04858331	Human	SRX1706821	Illumina HiSeq 2000	other	SYNTHETIC	EN1_AAI11841.1_VSTAATTA	2016-04-20	1	0	Homo sapiens	SRR3405089	SRS1398464	EN1_AAI11841.1_VSTAATTA	EN1	ORFeome collection	not applicable	not applicable	not applicable		PRJNA318578	EPFL	public	sra	ncbi	0	SINGLE	ILLUMINA	2016-06-06	SRP073361	not applicable	not applicable	not applicable	human TF	not applicable	not applicable
Synthetic-Long-Read	101	SAMN04858368	Human	SRX1706881	Illumina HiSeq 2000	other	SYNTHETIC	SRY_1_ABZ92392.1_ACAATRGR	2016-04-20	9	3	Homo sapiens	SRR3405090	SRS1398546	SRY_1_ABZ92392.1_ACAATRGR	SRY_replicate1	ORFeome collection	not applicable	not applicable	not applicable	1	PRJNA318578	EPFL	public	sra	ncbi	0	SINGLE	ILLUMINA	2016-06-06	SRP073361	not applicable	not applicable	not applicable	human TF	not applicable	not applicable
Synthetic-Long-Read	83	SAMN04858369	Human	SRX1706882	Illumina HiSeq 2000	other	SYNTHETIC	SRY_2_ABZ92392.1_ACAATRGR	2016-04-20	45	19	Homo sapiens	SRR3405091	SRS1398545	SRY_2_ABZ92392.1_ACAATRGR	SRY_replicate2	ORFeome collection	not applicable	not applicable	not applicable	2	PRJNA318578	EPFL	public	sra	ncbi	0	SINGLE	ILLUMINA	2016-06-06	SRP073361	not applicable	not applicable	not applicable	human TF	not applicable	not applicable
Synthetic-Long-Read	84	SAMN04858370	Human	SRX1706883	Illumina HiSeq 2000	other	SYNTHETIC	TCF7_ABZ92190.1_YSTTTGATSTB	2016-04-20	0	0	Homo sapiens	SRR3405092	SRS1398544	TCF7_ABZ92190.1_YSTTTGATSTB	TCF7	ORFeome collection	not applicable	not applicable	not applicable		PRJNA318578	EPFL	public	sra	ncbi	0	SINGLE	ILLUMINA	2016-06-06	SRP073361	not applicable	not applicable	not applicable	human TF	not applicable	not applicable
Synthetic-Long-Read	101	SAMN04858371	Human	SRX1706885	Illumina HiSeq 2000	other	SYNTHETIC	TFE3_2_ACE86523.1_CWYGTGAY	2016-04-20	0	0	Homo sapiens	SRR3405093	SRS1398542	TFE3_2_ACE86523.1_CWYGTGAY	TFE3_replicate2	ORFeome collection	not applicable	not applicable	not applicable	2	PRJNA318578	EPFL	public	sra	ncbi	0	SINGLE	ILLUMINA	2016-06-06	SRP073361	not applicable	not applicable	not applicable	human TF	not applicable	not applicable
Synthetic-Long-Read	101	SAMN04858372	Human	SRX1706884	Illumina HiSeq 2000	other	SYNTHETIC	TFE3_1_ACE86523.1_CWYGTGAY	2016-04-20	2	1	Homo sapiens	SRR3405094	SRS1398543	TFE3_1_ACE86523.1_CWYGTGAY	TFE3_replicate1	ORFeome collection	not applicable	not applicable	not applicable	1	PRJNA318578	EPFL	public	sra	ncbi	0	SINGLE	ILLUMINA	2016-06-06	SRP073361	not applicable	not applicable	not applicable	human TF	not applicable	not applicable
Synthetic-Long-Read	101	SAMN04858373	Human	SRX1706886	Illumina HiSeq 2000	other	SYNTHETIC	VDR_ACE86616.1_NNGAGTTCAN	2016-04-20	6	2	Homo sapiens	SRR3405095	SRS1398541	VDR_ACE86616.1_NNGAGTTCAN	VDR	ORFeome collection	not applicable	not applicable	not applicable		PRJNA318578	EPFL	public	sra	ncbi	0	SINGLE	ILLUMINA	2016-06-06	SRP073361	not applicable	not applicable	not applicable	human TF	not applicable	not applicable
Synthetic-Long-Read	84	SAMN04858374	Human	SRX1706890	Illumina HiSeq 2000	other	SYNTHETIC	VSX1_AIC51324.1_HYTRATTR	2016-04-20	91	40	Homo sapiens	SRR3405096	SRS1398537	VSX1_AIC51324.1_HYTRATTR	VSX1	ORFeome collection	not applicable	not applicable	not applicable		PRJNA318578	EPFL	public	sra	ncbi	0	SINGLE	ILLUMINA	2016-06-06	SRP073361	not applicable	not applicable	not applicable	human TF	not applicable	not applicable
Synthetic-Long-Read	101	SAMN04858375	Human	SRX1706891	Illumina HiSeq 2000	other	SYNTHETIC	YY1_1_ABW03401.1_RWAATGGCGGM	2016-04-20	10	4	Homo sapiens	SRR3405097	SRS1398536	YY1_1_ABW03401.1_RWAATGGCGGM	YY1_replicate1	ORFeome collection	not applicable	not applicable	not applicable	1	PRJNA318578	EPFL	public	sra	ncbi	0	SINGLE	ILLUMINA	2016-06-06	SRP073361	not applicable	not applicable	not applicable	human TF	not applicable	not applicable
Synthetic-Long-Read	101	SAMN04858376	Human	SRX1706892	Illumina HiSeq 2000	other	SYNTHETIC	YY1_2_ABW03401.1_RWAATGGCGGM	2016-04-20	0	0	Homo sapiens	SRR3405098	SRS1398535	YY1_2_ABW03401.1_RWAATGGCGGM	YY1_replicate2	ORFeome collection	not applicable	not applicable	not applicable	2	PRJNA318578	EPFL	public	sra	ncbi	0	SINGLE	ILLUMINA	2016-06-06	SRP073361	not applicable	not applicable	not applicable	human TF	not applicable	not applicable
Synthetic-Long-Read	101	SAMN04858378	Human	SRX1706907	Illumina HiSeq 2000	other	SYNTHETIC	ZSCAN4_1_ABZ92211.1_TKBMAGBRTGTGY	2016-04-20	2	2	Homo sapiens	SRR3405099	SRS1398548	ZSCAN4_1_ABZ92211.1_TKBMAGBRTGTGY	ZSCAN4_replicate1	ORFeome collection	not applicable	not applicable	not applicable	1	PRJNA318578	EPFL	public	sra	ncbi	0	SINGLE	ILLUMINA	2016-06-06	SRP073361	not applicable	not applicable	not applicable	human TF	not applicable	not applicable
Synthetic-Long-Read	84	SAMN04858332	Human	SRX1706822	Illumina HiSeq 2000	other	SYNTHETIC	FLI1_AAH01670.1_RYWTCCKG	2016-04-20	2	1	Homo sapiens	SRR3405101	SRS1398463	FLI1_AAH01670.1_RYWTCCKG	FLI1	ORFeome collection	not applicable	not applicable	not applicable		PRJNA318578	EPFL	public	sra	ncbi	0	SINGLE	ILLUMINA	2016-06-06	SRP073361	not applicable	not applicable	not applicable	human TF	not applicable	not applicable
Synthetic-Long-Read	101	SAMN04858379	Human	SRX1706908	Illumina HiSeq 2000	other	SYNTHETIC	ZSCAN4_2_ABZ92211.1_TKBMAGBRTGTGY	2016-04-20	0	0	Homo sapiens	SRR3405102	SRS1398547	ZSCAN4_2_ABZ92211.1_TKBMAGBRTGTGY	ZSCAN4_replicate2	ORFeome collection	not applicable	not applicable	not applicable	2	PRJNA318578	EPFL	public	sra	ncbi	0	SINGLE	ILLUMINA	2016-06-06	SRP073361	not applicable	not applicable	not applicable	human TF	not applicable	not applicable
Synthetic-Long-Read	101	SAMN04858380	Human	SRX1706897	Illumina HiSeq 2000	other	SYNTHETIC	ZKSCAN1_NP_001273983.1E_MRYAGTAKGWC	2016-04-20	11	7	Homo sapiens	SRR3405103	SRS1398558	ZKSCAN1_NP_001273983.1AS_MRYAGTAKGWC	ZKSCAN1	ORFeome collection	not applicable	not applicable	not applicable		PRJNA318578	EPFL	public	sra	ncbi	0	SINGLE	ILLUMINA	2016-06-06	SRP073361	not applicable	not applicable	not applicable	human TF	not applicable	not applicable
Synthetic-Long-Read	101	SAMN04858381	Human	SRX1706906	Illumina HiSeq 2000	other	SYNTHETIC	ZNF777__ATGTTCGACGGC	2016-04-20	7	4	Homo sapiens	SRR3405104	SRS1398549	ZNF777__ATGTTCGACGGC	ZNF777	ORFeome collection	not applicable	not applicable	not applicable		PRJNA318578	EPFL	public	sra	ncbi	0	SINGLE	ILLUMINA	2016-06-06	SRP073361	not applicable	not applicable	not applicable	human TF	not applicable	not applicable
Synthetic-Long-Read	101	SAMN04858382	Human	SRX1706896	Illumina HiSeq 2000	other	SYNTHETIC	ZFP82__YHYHHWYRRCYNYHTY	2016-04-20	4	2	Homo sapiens	SRR3405105	SRS1398559	ZFP82__YHYHHWYRRCYNYHTY	ZFP82	ORFeome collection	not applicable	not applicable	not applicable	1	PRJNA318578	EPFL	public	sra	ncbi	0	SINGLE	ILLUMINA	2016-06-06	SRP073361	not applicable	not applicable	not applicable	human TF	not applicable	not applicable
Synthetic-Long-Read	101	SAMN04858383	Human	SRX1706903	Illumina HiSeq 2000	other	SYNTHETIC	ZNF415_1_TMYTMAKSGKGYAYB	2016-04-20	2	1	Homo sapiens	SRR3405106	SRS1398552	ZNF415_1_TMYTMAKSGKGYAYB	ZNF415_replicate1	ORFeome collection	not applicable	not applicable	not applicable	2	PRJNA318578	EPFL	public	sra	ncbi	0	SINGLE	ILLUMINA	2016-06-06	SRP073361	not applicable	not applicable	not applicable	human TF	not applicable	not applicable
Synthetic-Long-Read	101	SAMN04858384	Human	SRX1706904	Illumina HiSeq 2000	other	SYNTHETIC	ZNF415_2_TMYTMAKSGKGYAYB	2016-04-20	26	16	Homo sapiens	SRR3405107	SRS1398551	ZNF415_2_TMYTMAKSGKGYAYB	ZNF415_replicate2	ORFeome collection	not applicable	not applicable	not applicable	1	PRJNA318578	EPFL	public	sra	ncbi	0	SINGLE	ILLUMINA	2016-06-06	SRP073361	not applicable	not applicable	not applicable	human TF	not applicable	not applicable
Synthetic-Long-Read	101	SAMN04858385	Human	SRX1706898	Illumina HiSeq 2000	other	SYNTHETIC	ZNF135_1_RGCTYRACCTCARDD	2016-04-20	0	0	Homo sapiens	SRR3405108	SRS1398557	ZNF135_1_RGCTYRACCTCARDD	ZNF135_replivate1	ORFeome collection	not applicable	not applicable	not applicable	2	PRJNA318578	EPFL	public	sra	ncbi	0	SINGLE	ILLUMINA	2016-06-06	SRP073361	not applicable	not applicable	not applicable	human TF	not applicable	not applicable
Synthetic-Long-Read	101	SAMN04858386	Human	SRX1706899	Illumina HiSeq 2000	other	SYNTHETIC	ZNF135_2_RGCTYRACCTCARDD	2016-04-20	37	23	Homo sapiens	SRR3405109	SRS1398556	ZNF135_2_RGCTYRACCTCARDD	ZNF135_replicate2	ORFeome collection	not applicable	not applicable	not applicable		PRJNA318578	EPFL	public	sra	ncbi	0	SINGLE	ILLUMINA	2016-06-06	SRP073361	not applicable	not applicable	not applicable	human TF	not applicable	not applicable
Synthetic-Long-Read	101	SAMN04858387	Human	SRX1706905	Illumina HiSeq 2000	other	SYNTHETIC	ZNF682__YMMGCCCM	2016-04-20	2	1	Homo sapiens	SRR3405110	SRS1398550	ZNF682__YMMGCCCM	ZNF682	ORFeome collection	not applicable	not applicable	not applicable		PRJNA318578	EPFL	public	sra	ncbi	0	SINGLE	ILLUMINA	2016-06-06	SRP073361	not applicable	not applicable	not applicable	human TF	not applicable	not applicable
Synthetic-Long-Read	101	SAMN04858388	Human	SRX1706895	Illumina HiSeq 2000	other	SYNTHETIC	ZFP14__DRRAGSYHCYRGAAY	2016-04-20	1	1	Homo sapiens	SRR3405111	SRS1398560	ZFP14__DRRAGSYHCYRGAAY	ZFP14	ORFeome collection	not applicable	not applicable	not applicable		PRJNA318578	EPFL	public	sra	ncbi	0	SINGLE	ILLUMINA	2016-06-06	SRP073361	not applicable	not applicable	not applicable	human TF	not applicable	not applicable
Synthetic-Long-Read	101	SAMN04858333	Human	SRX1706812	Illumina HiSeq 2000	other	SYNTHETIC	FOSL2_ABM87742.1_ATGASTCA	2016-04-20	12	4	Homo sapiens	SRR3405112	SRS1398473	cFOSL2_ABM87742.1_ATGASTCA	FOSL2	ORFeome collection	not applicable	not applicable	not applicable		PRJNA318578	EPFL	public	sra	ncbi	0	SINGLE	ILLUMINA	2016-06-06	SRP073361	not applicable	not applicable	not applicable	human TF	not applicable	not applicable
Synthetic-Long-Read	101	SAMN04858389	Human	SRX1706894	Illumina HiSeq 2000	other	SYNTHETIC	ZFP1__DDKHNKDKKRKKKGWYAGTTB	2016-04-20	111	70	Homo sapiens	SRR3405113	SRS1398533	ZFP1__DDKHNKDKKRKKKGWYAGTTB	ZFP1	ORFeome collection	not applicable	not applicable	not applicable		PRJNA318578	EPFL	public	sra	ncbi	0	SINGLE	ILLUMINA	2016-06-06	SRP073361	not applicable	not applicable	not applicable	human TF	not applicable	not applicable
Synthetic-Long-Read	101	SAMN04858390	Human	SRX1706901	Illumina HiSeq 2000	other	SYNTHETIC	ZNF282_1_YGGTGYGG	2016-04-20	1	0	Homo sapiens	SRR3405114	SRS1398554	ZNF282_1_YGGTGYGG	ZNF282_replicate1	ORFeome collection	not applicable	not applicable	not applicable	1	PRJNA318578	EPFL	public	sra	ncbi	0	SINGLE	ILLUMINA	2016-06-06	SRP073361	not applicable	not applicable	not applicable	human TF	not applicable	not applicable
Synthetic-Long-Read	101	SAMN04858391	Human	SRX1706902	Illumina HiSeq 2000	other	SYNTHETIC	ZNF282_2_YGGTGYGG	2016-04-20	14	9	Homo sapiens	SRR3405115	SRS1398553	ZNF282_2_YGGTGYGG	ZNF282_replicate2	ORFeome collection	not applicable	not applicable	not applicable	2	PRJNA318578	EPFL	public	sra	ncbi	0	SINGLE	ILLUMINA	2016-06-06	SRP073361	not applicable	not applicable	not applicable	human TF	not applicable	not applicable
Synthetic-Long-Read	101	SAMN04858392	Human	SRX1715602	Illumina HiSeq 2000	other	SYNTHETIC	CLOCK-ARNTL_rep1	2016-04-20	10	3	Homo sapiens	SRR3405116	SRS1398469	CLOCK-ARNTL_rep1	CLOCK-ARNTL_replicate1	ORFeome collection	not applicable	not applicable	not applicable	1	PRJNA318578	EPFL	public	sra	ncbi	0	SINGLE	ILLUMINA	2016-06-06	SRP073361	not applicable	not applicable	not applicable	human TF	not applicable	not applicable
Synthetic-Long-Read	101	SAMN04858393	Human	SRX1715603	Illumina HiSeq 2000	other	SYNTHETIC	CLOCK-ARNTL_rep2	2016-04-20	3	1	Homo sapiens	SRR3405117	SRS1398468	CLOCK-ARNTL_rep2	CLOCK-ARNTL_replicate2	ORFeome collection	not applicable	not applicable	not applicable	2	PRJNA318578	EPFL	public	sra	ncbi	0	SINGLE	ILLUMINA	2016-06-06	SRP073361	not applicable	not applicable	not applicable	human TF	not applicable	not applicable
Synthetic-Long-Read	101	SAMN04858394	Human	SRX1715604	Illumina HiSeq 2000	other	SYNTHETIC	NR4A2-RXRa_rep1	2016-04-20	1	0	Homo sapiens	SRR3405118	SRS1398513	NR4A2-RXRa_rep1	NR4A2-RXRa_replicate1	ORFeome collection	not applicable	not applicable	not applicable	1	PRJNA318578	EPFL	public	sra	ncbi	0	SINGLE	ILLUMINA	2016-06-06	SRP073361	not applicable	not applicable	not applicable	human TF	not applicable	not applicable
Synthetic-Long-Read	101	SAMN04858395	Human	SRX1715605	Illumina HiSeq 2000	other	SYNTHETIC	NR4A2-RXRa_rep2	2016-04-20	2	1	Homo sapiens	SRR3405119	SRS1398512	NR4A2-RXRa_rep2	NR4A2-RXRa_replicate2	ORFeome collection	not applicable	not applicable	not applicable	2	PRJNA318578	EPFL	public	sra	ncbi	0	SINGLE	ILLUMINA	2016-06-06	SRP073361	not applicable	not applicable	not applicable	human TF	not applicable	not applicable
Synthetic-Long-Read	101	SAMN04858396	Human	SRX1715606	Illumina HiSeq 2000	other	SYNTHETIC	NR4A2-RXRa_rep3	2016-04-20	1	0	Homo sapiens	SRR3405120	SRS1398511	NR4A2-RXRa_rep3	NR4A2-RXRa_replicate3	ORFeome collection	not applicable	not applicable	not applicable	3	PRJNA318578	EPFL	public	sra	ncbi	0	SINGLE	ILLUMINA	2016-06-06	SRP073361	not applicable	not applicable	not applicable	human TF	not applicable	not applicable
Synthetic-Long-Read	101	SAMN04858397	Human	SRX1715607	Illumina HiSeq 2000	other	SYNTHETIC	NR1H4-RXRa_rep1	2016-04-20	0	0	Homo sapiens	SRR3405121	SRS1398490	NR1H4-RXRa_rep1	NR1H4-RXRa_replicate1	ORFeome collection	not applicable	not applicable	not applicable	1	PRJNA318578	EPFL	public	sra	ncbi	0	SINGLE	ILLUMINA	2016-06-06	SRP073361	not applicable	not applicable	not applicable	human TF	not applicable	not applicable
Synthetic-Long-Read	101	SAMN04858398	Human	SRX1715608	Illumina HiSeq 2000	other	SYNTHETIC	NR1H4-RXRa_rep2	2016-04-20	4	3	Homo sapiens	SRR3405123	SRS1398518	NR1H4-RXRa_rep2	NR1H4-RXRa_replicate2	ORFeome collection	not applicable	not applicable	not applicable	2	PRJNA318578	EPFL	public	sra	ncbi	0	SINGLE	ILLUMINA	2016-06-06	SRP073361	not applicable	not applicable	not applicable	human TF	not applicable	not applicable
Synthetic-Long-Read	83	SAMN04858334	Human	SRX1706824	Illumina HiSeq 2000	other	SYNTHETIC	FOXP2_NP_001166237.1_YTSTTGTTTAC	2016-04-20	32	14	Homo sapiens	SRR3405124	SRS1398487	FOXP2_NP_001166237.1_YTSTTGTTTAC	FOXP2	ORFeome collection	not applicable	not applicable	not applicable		PRJNA318578	EPFL	public	sra	ncbi	0	SINGLE	ILLUMINA	2016-06-06	SRP073361	not applicable	not applicable	not applicable	human TF	not applicable	not applicable
Synthetic-Long-Read	101	SAMN04858399	Human	SRX1715609	Illumina HiSeq 2000	other	SYNTHETIC	NR1H4-RXRa_rep3	2016-04-20	1	0	Homo sapiens	SRR3405125	SRS1398516	NR1H4-RXRa_rep3	NR1H4-RXRa_replicate3	ORFeome collection	not applicable	not applicable	not applicable	3	PRJNA318578	EPFL	public	sra	ncbi	0	SINGLE	ILLUMINA	2016-06-06	SRP073361	not applicable	not applicable	not applicable	human TF	not applicable	not applicable
Synthetic-Long-Read	101	SAMN04858400	Human	SRX1706862	Illumina HiSeq 2000	other	SYNTHETIC	PPARa-RXRg	2016-04-20	3	1	Homo sapiens	SRR3405126	SRS1398508	PPARa-RXRg	PPARa-RXRg	ORFeome collection	not applicable	not applicable	not applicable		PRJNA318578	EPFL	public	sra	ncbi	0	SINGLE	ILLUMINA	2016-06-06	SRP073361	not applicable	not applicable	not applicable	human TF	not applicable	not applicable
Synthetic-Long-Read	101	SAMN04858401	Human	SRX1706866	Illumina HiSeq 2000	other	SYNTHETIC	RARa-RXRa	2016-04-20	7	2	Homo sapiens	SRR3405127	SRS1398504	RARa-RXRa	RARa-RXRa	ORFeome collection	not applicable	not applicable	not applicable		PRJNA318578	EPFL	public	sra	ncbi	0	SINGLE	ILLUMINA	2016-06-06	SRP073361	not applicable	not applicable	not applicable	human TF	not applicable	not applicable
Synthetic-Long-Read	101	SAMN04858402	Human	SRX1706868	Illumina HiSeq 2000	other	SYNTHETIC	RARa-RXRg	2016-04-20	2	0	Homo sapiens	SRR3405128	SRS1398531	RARa-RXRg	RARa-RXRg	ORFeome collection	not applicable	not applicable	not applicable		PRJNA318578	EPFL	public	sra	ncbi	0	SINGLE	ILLUMINA	2016-06-06	SRP073361	not applicable	not applicable	not applicable	human TF	not applicable	not applicable
Synthetic-Long-Read	101	SAMN04858403	Human	SRX1706864	Illumina HiSeq 2000	other	SYNTHETIC	PPARg-RXRa	2016-04-20	2	1	Homo sapiens	SRR3405129	SRS1398506	PPARg-RXRa	PPARg-RXRa	ORFeome collection	not applicable	not applicable	not applicable		PRJNA318578	EPFL	public	sra	ncbi	0	SINGLE	ILLUMINA	2016-06-06	SRP073361	not applicable	not applicable	not applicable	human TF	not applicable	not applicable
Synthetic-Long-Read	101	SAMN04858404	Human	SRX1715610	Illumina HiSeq 2000	other	SYNTHETIC	VDR-RXRa_rep1	2016-04-20	0	0	Homo sapiens	SRR3405130	SRS1398540	VDR-RXRa_rep1	VDR-RXRa_replicate1	ORFeome collection	not applicable	not applicable	not applicable	1	PRJNA318578	EPFL	public	sra	ncbi	0	SINGLE	ILLUMINA	2016-06-06	SRP073361	not applicable	not applicable	not applicable	human TF	not applicable	not applicable
Synthetic-Long-Read	101	SAMN04858405	Human	SRX1715611	Illumina HiSeq 2000	other	SYNTHETIC	VDR-RXRa_rep2	2016-04-20	3	2	Homo sapiens	SRR3405131	SRS1398539	VDR-RXRa_rep2	VDR-RXRa_replicate2	ORFeome collection	not applicable	not applicable	not applicable	2	PRJNA318578	EPFL	public	sra	ncbi	0	SINGLE	ILLUMINA	2016-06-06	SRP073361	not applicable	not applicable	not applicable	human TF	not applicable	not applicable
Synthetic-Long-Read	101	SAMN04858406	Human	SRX1715612	Illumina HiSeq 2000	other	SYNTHETIC	cJUN-cFOS_rep1	2016-04-20	4	1	Homo sapiens	SRR3405132	SRS1398515	cJUN-cFOS_rep1	cJUN-cFOS_replicate1	ORFeome collection	not applicable	not applicable	not applicable	1	PRJNA318578	EPFL	public	sra	ncbi	0	SINGLE	ILLUMINA	2016-06-06	SRP073361	not applicable	not applicable	not applicable	human TF	not applicable	not applicable
Synthetic-Long-Read	101	SAMN04858407	Human	SRX1715613	Illumina HiSeq 2000	other	SYNTHETIC	cJUN-cFOS_rep2	2016-04-20	13	5	Homo sapiens	SRR3405133	SRS1398532	cJUN-cFOS_rep2	cJUN-cFOS_replicate2	ORFeome collection	not applicable	not applicable	not applicable	2	PRJNA318578	EPFL	public	sra	ncbi	0	SINGLE	ILLUMINA	2016-06-06	SRP073361	not applicable	not applicable	not applicable	human TF	not applicable	not applicable
Synthetic-Long-Read	101	SAMN04858409	Human	SRX1706889	Illumina HiSeq 2000	other	SYNTHETIC	cJUN-FOSB	2016-04-20	1	0	Homo sapiens	SRR3405134	SRS1398538	cJUN-FOSB	cJUN-FOSB	ORFeome collection	not applicable	not applicable	not applicable		PRJNA318578	EPFL	public	sra	ncbi	0	SINGLE	ILLUMINA	2016-06-06	SRP073361	not applicable	not applicable	not applicable	human TF	not applicable	not applicable
Synthetic-Long-Read	84	SAMN04858335	Human	SRX1715615	Illumina HiSeq 2000	other	SYNTHETIC	GABPA_NP_001184226.1E_ACCGGAWATBK	2016-04-20	4	2	Homo sapiens	SRR3405135	SRS1398488	GABPA_NP_001184226.1AS_ACCGGAWATBK	GABPA	ORFeome collection	not applicable	not applicable	not applicable		PRJNA318578	EPFL	public	sra	ncbi	0	SINGLE	ILLUMINA	2016-06-06	SRP073361	not applicable	not applicable	not applicable	human TF	not applicable	not applicable
Synthetic-Long-Read	101	SAMN04858410	Human	SRX1706900	Illumina HiSeq 2000	other	SYNTHETIC	cJUN-FOSL1	2016-04-20	9	3	Homo sapiens	SRR3405136	SRS1398555	cJUN-FOSL1	cJUN-FOSL1	ORFeome collection	not applicable	not applicable	not applicable		PRJNA318578	EPFL	public	sra	ncbi	0	SINGLE	ILLUMINA	2016-06-06	SRP073361	not applicable	not applicable	not applicable	human TF	not applicable	not applicable
Synthetic-Long-Read	101	SAMN04858411	Human	SRX1715616	Illumina HiSeq 2000	other	SYNTHETIC	cJUN-FOSL2_rep1	2016-04-20	11	4	Homo sapiens	SRR3405137	SRS1398472	cJUN-FOSL2_rep1	cJUN-FOSL2_replicate1	ORFeome collection	not applicable	not applicable	not applicable	1	PRJNA318578	EPFL	public	sra	ncbi	0	SINGLE	ILLUMINA	2016-06-06	SRP073361	not applicable	not applicable	not applicable	human TF	not applicable	not applicable
Synthetic-Long-Read	101	SAMN04858412	Human	SRX1715617	Illumina HiSeq 2000	other	SYNTHETIC	cJUN-FOSL2_rep2	2016-04-20	11	6	Homo sapiens	SRR3405138	SRS1398471	cJUN-FOSL2_rep2	cJUN-FOSL2_replicate2	ORFeome collection	not applicable	not applicable	not applicable	2	PRJNA318578	EPFL	public	sra	ncbi	0	SINGLE	ILLUMINA	2016-06-06	SRP073361	not applicable	not applicable	not applicable	human TF	not applicable	not applicable
Synthetic-Long-Read	101	SAMN04858413	Human	SRX1706815	Illumina HiSeq 2000	other	SYNTHETIC	cJUN-JUNB	2016-04-20	4	2	Homo sapiens	SRR3405140	SRS1398470	cJUN-JUNB	cJUN-JUNB	ORFeome collection	not applicable	not applicable	not applicable		PRJNA318578	EPFL	public	sra	ncbi	0	SINGLE	ILLUMINA	2016-06-06	SRP073361	not applicable	not applicable	not applicable	human TF	not applicable	not applicable
Synthetic-Long-Read	101	SAMN04858414	Human	SRX1706829	Illumina HiSeq 2000	other	SYNTHETIC	JUNB-cFOS_replicate1	2016-04-20	21	8	Homo sapiens	SRR3405142	SRS1398483	JUNB-cFOS_replicate1	JUNB-cFOS_replicate1	ORFeome collection	not applicable	not applicable	not applicable	1	PRJNA318578	EPFL	public	sra	ncbi	0	SINGLE	ILLUMINA	2016-06-06	SRP073361	not applicable	not applicable	not applicable	human TF	not applicable	not applicable
Synthetic-Long-Read	101	SAMN04858415	Human	SRX1706830	Illumina HiSeq 2000	other	SYNTHETIC	JUNB-cFOS_replicate2	2016-04-20	1	0	Homo sapiens	SRR3405143	SRS1398482	JUNB-cFOS_replicate2	JUNB-cFOS_replicate2	ORFeome collection	not applicable	not applicable	not applicable	2	PRJNA318578	EPFL	public	sra	ncbi	0	SINGLE	ILLUMINA	2016-06-06	SRP073361	not applicable	not applicable	not applicable	human TF	not applicable	not applicable
Synthetic-Long-Read	101	SAMN04858416	Human	SRX1715619	Illumina HiSeq 2000	other	SYNTHETIC	JUNB-FOSB_rep1	2016-04-20	9	3	Homo sapiens	SRR3405144	SRS1398481	JUNB-FOSB_rep1	JUNB-FOSB_replicate1	ORFeome collection	not applicable	not applicable	not applicable	1	PRJNA318578	EPFL	public	sra	ncbi	0	SINGLE	ILLUMINA	2016-06-06	SRP073361	not applicable	not applicable	not applicable	human TF	not applicable	not applicable
Synthetic-Long-Read	101	SAMN04858417	Human	SRX1715620	Illumina HiSeq 2000	other	SYNTHETIC	JUNB-FOSB_rep2	2016-04-20	2	1	Homo sapiens	SRR3405145	SRS1398480	JUNB-FOSB_rep2	JUNB-FOSB_replicate2	ORFeome collection	not applicable	not applicable	not applicable	2	PRJNA318578	EPFL	public	sra	ncbi	0	SINGLE	ILLUMINA	2016-06-06	SRP073361	not applicable	not applicable	not applicable	human TF	not applicable	not applicable
Synthetic-Long-Read	101	SAMN04858418	Human	SRX1706833	Illumina HiSeq 2000	other	SYNTHETIC	JUNB-FOSL1	2016-04-20	19	7	Homo sapiens	SRR3405146	SRS1398479	JUNB-FOSL1	JUNB-FOSL1	ORFeome collection	not applicable	not applicable	not applicable		PRJNA318578	EPFL	public	sra	ncbi	0	SINGLE	ILLUMINA	2016-06-06	SRP073361	not applicable	not applicable	not applicable	human TF	not applicable	not applicable
Synthetic-Long-Read	101	SAMN04858419	Human	SRX1715621	Illumina HiSeq 2000	other	SYNTHETIC	JUNB-FOSL2_rep1	2016-04-20	2	0	Homo sapiens	SRR3405147	SRS1398477	JUNB-FOSL2_rep1	JUNB-FOSL2_replicate1	ORFeome collection	not applicable	not applicable	not applicable	1	PRJNA318578	EPFL	public	sra	ncbi	0	SINGLE	ILLUMINA	2016-06-06	SRP073361	not applicable	not applicable	not applicable	human TF	not applicable	not applicable
Synthetic-Long-Read	101	SAMN04858336	Human	SRX1706826	Illumina HiSeq 2000	other	SYNTHETIC	GATA3_NP_001002295.1_NGATAN	2016-04-20	22	8	Homo sapiens	SRR3405148	SRS1398486	GATA3_NP_001002295.1_NGATAN	GATA3	ORFeome collection	not applicable	not applicable	not applicable		PRJNA318578	EPFL	public	sra	ncbi	0	SINGLE	ILLUMINA	2016-06-06	SRP073361	not applicable	not applicable	not applicable	human TF	not applicable	not applicable
Synthetic-Long-Read	101	SAMN04858420	Human	SRX1715622	Illumina HiSeq 2000	other	SYNTHETIC	JUNB-FOSL2_rep2	2016-04-20	5	3	Homo sapiens	SRR3405149	SRS1398476	JUNB-FOSL2_rep2	JUNB-FOSL2_replicate2	ORFeome collection	not applicable	not applicable	not applicable	2	PRJNA318578	EPFL	public	sra	ncbi	0	SINGLE	ILLUMINA	2016-06-06	SRP073361	not applicable	not applicable	not applicable	human TF	not applicable	not applicable
Synthetic-Long-Read	101	SAMN04858421	Human	SRX1706838	Illumina HiSeq 2000	other	SYNTHETIC	JUND-cFOS	2016-04-20	27	10	Homo sapiens	SRR3405150	SRS1398503	JUND-cFOS	JUND-cFOS	ORFeome collection	not applicable	not applicable	not applicable		PRJNA318578	EPFL	public	sra	ncbi	0	SINGLE	ILLUMINA	2016-06-06	SRP073361	not applicable	not applicable	not applicable	human TF	not applicable	not applicable
Synthetic-Long-Read	101	SAMN04858422	Human	SRX1706839	Illumina HiSeq 2000	other	SYNTHETIC	JUND-FOSB	2016-04-20	81	28	Homo sapiens	SRR3405151	SRS1398502	JUND-FOSB	JUND-FOSB	ORFeome collection	not applicable	not applicable	not applicable		PRJNA318578	EPFL	public	sra	ncbi	0	SINGLE	ILLUMINA	2016-06-06	SRP073361	not applicable	not applicable	not applicable	human TF	not applicable	not applicable
Synthetic-Long-Read	84	SAMN04858423	Human	SRX1706840	Illumina HiSeq 2000	other	SYNTHETIC	JUND-FOSL1	2016-04-20	0	0	Homo sapiens	SRR3405152	SRS1398501	JUND-FOSL1	JUND-FOSL1	ORFeome collection	not applicable	not applicable	not applicable		PRJNA318578	EPFL	public	sra	ncbi	0	SINGLE	ILLUMINA	2016-06-06	SRP073361	not applicable	not applicable	not applicable	human TF	not applicable	not applicable
Synthetic-Long-Read	101	SAMN04858424	Human	SRX1706841	Illumina HiSeq 2000	other	SYNTHETIC	JUND-FOSL2	2016-04-20	71	25	Homo sapiens	SRR3405153	SRS1398500	JUND-FOSL2	JUND-FOSL2	ORFeome collection	not applicable	not applicable	not applicable		PRJNA318578	EPFL	public	sra	ncbi	0	SINGLE	ILLUMINA	2016-06-06	SRP073361	not applicable	not applicable	not applicable	human TF	not applicable	not applicable
Synthetic-Long-Read	101	SAMN04858426	Model organism or animal	SRX1713204	Illumina HiSeq 2000	other	SYNTHETIC	NFKb_AAH50841.1_GGKRMWTYCCC	2016-04-19	90	55	Mus musculus	SRR3402432	SRS1402526		NF-kB						PRJNA318578	EPFL	public	sra	ncbi	0	SINGLE	ILLUMINA	2016-06-06	SRP073361	not applicable				not applicable	not applicable
Synthetic-Long-Read	101	SAMN04858427	Model organism or animal	SRX1713205	Illumina HiSeq 2000	other	SYNTHETIC	PPARg_1_NP_035276.2_AAACTAGGTCA	2016-04-19	16	9	Mus musculus	SRR3402433	SRS1402525		PPARg_replicate1					1	PRJNA318578	EPFL	public	sra	ncbi	0	SINGLE	ILLUMINA	2016-06-06	SRP073361	not applicable				not applicable	not applicable
Synthetic-Long-Read	101	SAMN04858436	Model organism or animal	SRX1713206	Illumina HiSeq 2000	other	SYNTHETIC	RFX2_ÊNP_033082.1Ê_GTTRCYADGGWRM	2016-04-19	101	62	Mus musculus	SRR3402434	SRS1402524		RFX2						PRJNA318578	EPFL	public	sra	ncbi	0	SINGLE	ILLUMINA	2016-06-06	SRP073361	not applicable				not applicable	not applicable
Synthetic-Long-Read	101	SAMN04858437	Model organism or animal	SRX1713207	Illumina HiSeq 2000	other	SYNTHETIC	SMAD4_ÊNP_032566.2Ê_YGTCTRGM	2016-04-19	78	47	Mus musculus	SRR3402435	SRS1402523		SMAD4						PRJNA318578	EPFL	public	sra	ncbi	0	SINGLE	ILLUMINA	2016-06-06	SRP073361	not applicable				not applicable	not applicable
Synthetic-Long-Read	101	SAMN04858438	Model organism or animal	SRX1713208	Illumina HiSeq 2000	other	SYNTHETIC	EGR1_ÊNP_031939.1_MCRCCCMCRYW	2016-04-19	96	58	Mus musculus	SRR3402436	SRS1402522		EGR1						PRJNA318578	EPFL	public	sra	ncbi	0	SINGLE	ILLUMINA	2016-06-06	SRP073361	not applicable				not applicable	not applicable
Synthetic-Long-Read	101	SAMN04858439	Model organism or animal	SRX1713209	Illumina HiSeq 2000	other	SYNTHETIC	GATA3_ÊNP_032117.1_STTATC	2016-04-19	185	112	Mus musculus	SRR3402437	SRS1402521		GATA3_mouse						PRJNA318578	EPFL	public	sra	ncbi	0	SINGLE	ILLUMINA	2016-06-06	SRP073361	not applicable				not applicable	not applicable
Synthetic-Long-Read	101	SAMN04858440	Model organism or animal	SRX1713210	Illumina HiSeq 2000	other	SYNTHETIC	TFE3_ÊNP_001098666.1Ê_CACGTGAY	2016-04-19	218	132	Mus musculus	SRR3402438	SRS1402519		TFE3						PRJNA318578	EPFL	public	sra	ncbi	0	SINGLE	ILLUMINA	2016-06-06	SRP073361	not applicable				not applicable	not applicable
Synthetic-Long-Read	101	SAMN04858447	Model organism or animal	SRX1713211	Illumina HiSeq 2000	other	SYNTHETIC	PPARg-RXRa_mouse_rep1	2016-04-19	185	113	Mus musculus	SRR3402439	SRS1402520		PPARg-RXRa_mouse_rep1					1	PRJNA318578	EPFL	public	sra	ncbi	0	SINGLE	ILLUMINA	2016-06-06	SRP073361	not applicable				not applicable	not applicable
Synthetic-Long-Read	101	SAMN04858448	Model organism or animal	SRX1713212	Illumina HiSeq 2000	other	SYNTHETIC	PPARg-RXRa_mouse_rep2	2016-04-19	99	59	Mus musculus	SRR3402440	SRS1402518		PPARg-RXRa_mouse_rep2					2	PRJNA318578	EPFL	public	sra	ncbi	0	SINGLE	ILLUMINA	2016-06-06	SRP073361	not applicable				not applicable	not applicable
Synthetic-Long-Read	101	SAMN04858441	Model organism or animal	SRX1713213	Illumina HiSeq 2000	other	SYNTHETIC	Sna_FBgn0003448_RRCAGGTG	2016-04-19	2	1	Drosophila melanogaster	SRR3402441	SRS1402516		Sna						PRJNA318578	EPFL	public	sra	ncbi	0	SINGLE	ILLUMINA	2016-06-06	SRP073361	not applicable				not applicable	not applicable
Synthetic-Long-Read	101	SAMN04858442	Model organism or animal	SRX1713214	Illumina HiSeq 2000	other	SYNTHETIC	Ttk_FBgn0003870_MAGGAY	2016-04-19	104	62	Drosophila melanogaster	SRR3402442	SRS1402515		Ttk						PRJNA318578	EPFL	public	sra	ncbi	0	SINGLE	ILLUMINA	2016-06-06	SRP073361	not applicable				not applicable	not applicable
Synthetic-Long-Read	101	SAMN04858443	Model organism or animal	SRX1713215	Illumina HiSeq 2000	other	SYNTHETIC	Gt_FBgn0001150_ATKACGYAAYM	2016-04-19	84	50	Drosophila melanogaster	SRR3402443	SRS1402514		Gt						PRJNA318578	EPFL	public	sra	ncbi	0	SINGLE	ILLUMINA	2016-06-06	SRP073361	not applicable				not applicable	not applicable
Synthetic-Long-Read	101	SAMN04858428	Model organism or animal	SRX1713216	Illumina HiSeq 2000	other	SYNTHETIC	PPARg_2_NP_035276.2_AAACTAGGTCA	2016-04-19	211	127	Mus musculus	SRR3402444	SRS1402517		PPARg_replicate2					2	PRJNA318578	EPFL	public	sra	ncbi	0	SINGLE	ILLUMINA	2016-06-06	SRP073361	not applicable				not applicable	not applicable
Synthetic-Long-Read	101	SAMN04858444	Model organism or animal	SRX1713217	Illumina HiSeq 2000	other	SYNTHETIC	Bcd_FBgn0000166_HTAATCY	2016-04-19	67	40	Drosophila melanogaster	SRR3402445	SRS1402513		Bcd						PRJNA318578	EPFL	public	sra	ncbi	0	SINGLE	ILLUMINA	2016-06-06	SRP073361	not applicable				not applicable	not applicable
Synthetic-Long-Read	101	SAMN04858445	Model organism or animal	SRX1713218	Illumina HiSeq 2000	other	SYNTHETIC	Gsc_FBgn0010323_TAATCCBHTWA	2016-04-19	33	20	Drosophila melanogaster	SRR3402446	SRS1402535		Gsc						PRJNA318578	EPFL	public	sra	ncbi	0	SINGLE	ILLUMINA	2016-06-06	SRP073361	not applicable				not applicable	not applicable
Synthetic-Long-Read	101	SAMN04858446	Model organism or animal	SRX1713219	Illumina HiSeq 2000	other	SYNTHETIC	Opa_FBgn0003002_DCVRYRGGGGG	2016-04-19	49	28	Drosophila melanogaster	SRR3402447	SRS1402534		Opa						PRJNA318578	EPFL	public	sra	ncbi	0	SINGLE	ILLUMINA	2016-06-06	SRP073361	not applicable				not applicable	not applicable
Synthetic-Long-Read	101	SAMN04858429	Model organism or animal	SRX1713220	Illumina HiSeq 2000	other	SYNTHETIC	RXRa_1_NP_035435.1_RGGTCANRGGTCA	2016-04-19	227	134	Mus musculus	SRR3402448	SRS1402533		RXRa_replicate1					1	PRJNA318578	EPFL	public	sra	ncbi	0	SINGLE	ILLUMINA	2016-06-06	SRP073361	not applicable				not applicable	not applicable
Synthetic-Long-Read	101	SAMN04858430	Model organism or animal	SRX1713221	Illumina HiSeq 2000	other	SYNTHETIC	RXRa_2_NP_035435.1_RGGTCANRGGTCA	2016-04-19	227	134	Mus musculus	SRR3402449	SRS1402532		RXRa_replicate2					2	PRJNA318578	EPFL	public	sra	ncbi	0	SINGLE	ILLUMINA	2016-06-06	SRP073361	not applicable				not applicable	not applicable
Synthetic-Long-Read	101	SAMN04858431	Model organism or animal	SRX1713222	Illumina HiSeq 2000	other	SYNTHETIC	ZEB1_NP_035676.1_YACCTK	2016-04-19	69	41	Mus musculus	SRR3402450	SRS1402531		ZEB1						PRJNA318578	EPFL	public	sra	ncbi	0	SINGLE	ILLUMINA	2016-06-06	SRP073361	not applicable				not applicable	not applicable
Synthetic-Long-Read	101	SAMN04858432	Model organism or animal	SRX1713223	Illumina HiSeq 2000	other	SYNTHETIC	RARg_1_NP_035374.3_RGGGYMKASAGGTCG	2016-04-19	153	89	Mus musculus	SRR3402451	SRS1402530		RARg_replicate1					1	PRJNA318578	EPFL	public	sra	ncbi	0	SINGLE	ILLUMINA	2016-06-06	SRP073361	not applicable				not applicable	not applicable
Synthetic-Long-Read	101	SAMN04858433	Model organism or animal	SRX1713224	Illumina HiSeq 2000	other	SYNTHETIC	RARg_2_NP_035374.3_RGGGYMKASAGGTCG	2016-04-19	189	111	Mus musculus	SRR3402452	SRS1402529		RARg_replicate2					2	PRJNA318578	EPFL	public	sra	ncbi	0	SINGLE	ILLUMINA	2016-06-06	SRP073361	not applicable				not applicable	not applicable
Synthetic-Long-Read	101	SAMN04858434	Model organism or animal	SRX1713225	Illumina HiSeq 2000	other	SYNTHETIC	GR_ÊNP_032199.3ÊÊ_RGDACRTYNTGTWCY	2016-04-19	112	67	Mus musculus	SRR3402453	SRS1402528		GR						PRJNA318578	EPFL	public	sra	ncbi	0	SINGLE	ILLUMINA	2016-06-06	SRP073361	not applicable				not applicable	not applicable
Synthetic-Long-Read	101	SAMN04858435	Model organism or animal	SRX1713226	Illumina HiSeq 2000	other	SYNTHETIC	SP4_NP_001159857.2_DRGGHGKD	2016-04-19	128	75	Mus musculus	SRR3402454	SRS1402527		SP4						PRJNA318578	EPFL	public	sra	ncbi	0	SINGLE	ILLUMINA	2016-06-06	SRP073361	not applicable				not applicable	not applicable
ChIP-Seq	83	SAMN05177762	Human	SRX1800503	NextSeq 500	ChIP	GENOMIC	ZFP14_ChIP_input	2016-05-25	3938	1513	Homo sapiens	SRR3588098	SRS1467652		ZFP14_ctrl_ChIP	not applicable	HEK293T	ZFP14 overexpression	not applicable		PRJNA318578	EPFL	public	sra	ncbi	0	SINGLE	ILLUMINA	2016-06-06	SRP073361	not applicable				not applicable	not applicable
ChIP-Seq	83	SAMN05177761	Human	SRX1800504	NextSeq 500	ChIP	GENOMIC	ZFP14_V5_ChIP	2016-05-25	5528	2140	Homo sapiens	SRR3588099	SRS1467653		ZFP14_V5_ChIP	not applicable	HEK293T	ZFP14 overexpression	not applicable		PRJNA318578	EPFL	public	sra	ncbi	0	SINGLE	ILLUMINA	2016-06-06	SRP073361	not applicable				not applicable	not applicable
