Gene Name	Species	UniProt Accession	UniProt Entry	Status	Sequence	Family	Cluster	Evidence	JASPAR	HOCOMOCO	ChIP-Atlas	CistromeDB	GTRD	ReMap	DAP-seq	HT-SELEX	CIS-BP	UniPROBE	SMiLE-seq
sna	Drosophila melanogaster	P08044	SNAI_DROME	Reviewed	MAANYKSCPLKKRPIVFVEERLPQTEALALTKDSQFAQDQPQDLSLKRGRDEETQDYQQPEPKRDYVLNLSKTPERNSSSSSNSCLLSPPVEAQDYLPTEIHMRGLTAGTTGYTTATPTTINPFQSAFVMAAGCNPISALWSSYQPHLAAFPSPASSMASPQSVYSYQQMTPPSSPGSDLETGSEPEDLSVRNDIPLPALFHLFDEAKSSSSGASVSSSSGYSYTPAMSASSASVAANHAKNYRFKCDECQKMYSTSMGLSKHRQFHCPAAECNQEKKTHSCEECGKLYTTIGALKMHIRTHTLPCKCPICGKAFSRPWLLQGHIRTHTGEKPFQCPDCPRSFADRSNLRAHQQTHVDVKKYACQVCHKSFSRMSLLNKHSSSNCTITIA	C2H2 ZF	211	3	MA0086.1;MA0086.2		ERX008185;ERX008192;SRX1032404							UP01532	SRR3402441
Dll	Drosophila melanogaster	P20009	DLL_DROME	Reviewed	MDAPDAPHTPKYMDGGNTAASVTPGINIPGKSAFVELQQHAAAGYGGIRSTYQHFGPQGGQDSGFPSPRSALGYPFPPMHQNSYSGYHLGSYAPPCASPPKDDFSISDKCEDSGLRVNGKGKKMRKPRTIYSSLQLQQLNRRFQRTQYLALPERAELAASLGLTQTQVKIWFQNRRSKYKKMMKAAQGPGTNSGMPLGGGGPNPGQHSPNQMHSGGNNGGGSNSGSPSHYLPPGHSPTPSSTPVSELSPEFPPTGLSPPTQAPWDQKPHWIDHKPPPQMTPQPPHPAATLHPQTHHHNPPPQMGGYVPQYWYQPETNPSLVTVWPAV	Homeodomain	302	2	MA0187.1		SRX3989970;SRX3989971;SRX3989972;SRX467013;SRX467014		EXP044237				M02112_2.00		
Eip78C	Drosophila melanogaster	P45447	E78C_DROME	Reviewed	MDVYQIELEEQAQIRSKLLVETCVKHSSSEQQQLQVKQEDLIKDFTRDEEEQPSEEEAEEEDNEEDEEEEGEEEEEDEDEEALLPVVNFNANSDFNLHFFDTPEDSSTQGAYSEANSLESEQEEEKQTQQHQQQKQHHRDLEDCLSAIEADPLQLLHCDDFYRTSALAESVAASLSPQQQQQRQHTHQQQQQQQQQQQHPGQQQHQLNCTLSNGGGALYTISSVHQFGPASNHNTSSSSPSSSAAHSSPDSGCSSASSSGSSRSCGSSSASSSSSAVSSTISSGRSSNNSVVNPAATSSSVAHLNKEQQQQPLPTTQLQQQQQHQQQLQHPQQQQSFGLADSSSSNGSSNNNNGVSSKSFVPCKVCGDKASGYHYGVTSCEGCKGFFRRSIQKQIEYRCLRDGKCLVIRLNRNRCQYCRFKKCLSAGMSRDSVRYGRVPKRSRELNGAAASSAAAGAPASLNVDDSTSSTLHPSHLQQQQQQHLLQQQQQQQHQPQLQQHHQLQQQPHVSGVRVKTPSTPQTPQMCSIASSPSELGGCNSANNNNNNNNNSSSGNASGGSGVSVGVVVVGGHQQLVGGSMVGMAGMGTDAHQVGMCHDGLAGTANELTVYDVIMCVSQAHRLNCSYTEELTRELMRRPVTVPQNGIASTVAESLEFQKIWLWQQFSARVTPGVQRIVEFAKRVPGFCDFTQDDQLILIKLGFFEVWLTHVARLINEATLTLDDGAYLTRQQLEILYDSDFVNALLNFANTLNAYGLSDTEIGLFSAMVLLASDRAGLSEPKVIGRARELVAEALRVQILRSRAGSPQALQLMPALEAKIPELRSLGAKHFSHLDWLRMNWTKLRLPPLFAEIFDIPKADDEL	Nuclear receptor	597	2					EXP044110					UP01540	
Ubx	Drosophila melanogaster	P83949	UBX_DROME	Reviewed	MNSYFEQASGFYGHPHQATGMAMGSGGHHDQTASAAAAAYRGFPLSLGMSPYANHHLQRTTQDSPYDASITAACNKIYGDGAGAYKQDCLNIKADAVNGYKDIWNTGGSNGGGGGGGGGGGGGAGGTGGAGNANGGNAANANGQNNPAGGMPVRPSACTPDSRVGGYLDTSGGSPVSHRGGSAGGNVSVSGGNGNAGGVQSGVGVAGAGTAWNANCTISGAAAQTAAASSLHQASNHTFYPWMAIAGECPEDPTKSKIRSDLTQYGGISTDMGKRYSESLAGSLLPDWLGTNGLRRRGRQTYTRYQTLELEKEFHTNHYLTRRRRIEMAHALCLTERQIKIWFQNRRMKLKKEIQAIKELNEQEKQAQAQKAAAAAAAAAAVQGGHLDQ	Homeodomain	294	2	MA0094.1;MA0094.2		SRX1056712;SRX1056713;SRX1056720;SRX1056721;SRX1056722;SRX1056723;SRX1056724;SRX113335;SRX3011266;SRX3011267;SRX3011268;SRX4933868;SRX4933869;SRX4933870;SRX4933871;SRX4933872;SRX4933873;SRX4933874;SRX4933875;SRX4933876;SRX4933877;SRX4933878;SRX4933879;SRX4933880;SRX4933881;SRX4933882;SRX4933883;SRX5661472;SRX5661473		EXP045565				M00558_2.00	UP00512	
acj6	Drosophila melanogaster	P24350	IPOU_DROME	Reviewed	MTMSMYSTTDKMKMSAPSCFPGRYSPSYRSSEQMRRCMPNPSIHISSSCDSLESRLLEDASLLCNSWSARQNGDIFAGINDGILSRAEALAAVDIQKHQAQHVHSQMPSQIKHDVMYHHHSMSGPPQRPLQENPFSRQMHHSMDQLDMLDPTGSMTTLAPISESPLTPTHQHLHGSYHSMNHMMSHHHPGTLSGHTGGHHGHSAVHHPVITAAVAAAGLHPDTDTDPRELEAFAERFKQRRIKLGVTQADVGKALANLKLPGVGALSQSTICRFESLTLSHNNMIALKPILQAWLEEAEAQAKNKRRDPDAPSVLPAGEKKRKRTSIAAPEKRSLEAYFAVQPRPSGEKIAAIAEKLDLKKNVVRVWFCNQRQKQKRIVSSVTPSMTGHGSAGFGY	Homeodomain,POU	655	2					EXP043670				M02241_2.00		
bcd	Drosophila melanogaster	P09081	BCD_DROME	Reviewed	MAQPPPDQNFYHHPLPHTHTHPHPHSHPHPHSHPHPHHQHPQLQLPPQFRNPFDLLFDERTGAINYNYIRPYLPNQMPKPDVFPSEELPDSLVMRRPRRTRTTFTSSQIAELEQHFLQGRYLTAPRLADLSAKLALGTAQVKIWFKNRRRRHKIQSDQHKDQSYEGMPLSPGMKQSDGDPPSLQTLSLGGGATPNALTPSPTPSTPTAHMTEHYSESFNAYYNYNGGHNHAQANRHMHMQYPSGGGPGPGSTNVNGGQFFQQQQVHNHQQQLHHQGNHVPHQMQQQQQQAQQQQYHHFDFQQKQASACRVLVKDEPEADYNFNSSYYMRSGMSGATASASAVARGAASPGSEVYEPLTPKNDESPSLCGIGIGGPCAIAVGETEAADDMDDGTSKKTTLQILEPLKGLDKSCDDGSSDDMSTGIRALAGTGNRGAAFAKFGKPSPPQGPQPPLGMGGVAMGESNQYQCTMDTIMQAYNPHRNAAGNSQFAYCFN	Homeodomain	321	2	MA0212.1		SRX2165266;SRX2165267;SRX2165268;SRX2165269;SRX2165270;SRX2165271;SRX2165272;SRX2165273;SRX2165274;SRX2165275;SRX2165276;SRX2165277;SRX2165278;SRX2165279;SRX2165280;SRX2165281;SRX2165282;SRX2165283;SRX2165284;SRX2165285;SRX2165286;SRX2165287;SRX3176344;SRX348461;SRX348462;SRX348470;SRX474520;SRX474521;SRX474524;SRX474525								SRR3402445
brk	Drosophila melanogaster	Q9XTN4	Q9XTN4_DROME	Unreviewed	MDSSSEQLNGSGALNFKRPKDSSENATNSHTNNGNSSGSPKMGSRRIFTPHFKLQVLESYRNDNDCKGNQRATARKYNIHRRQIQKWLQCESNLRSSVANNQQQQQQQQQQQQQQQQQQQLLPQQSVSPTPAVKVFHQLSHPLVHQLHHHHAAAVGHHHHHAAHHHAAHHHHAAAAAAAAAAAAAAAAAHHHAAHHLLAANGMVPHPLAAHPHLHVPVAMHPQMQHQKEQQQQQQQLQQEQQQQDQQQSQQETPATIATNGSNQGSSNVLSAAKIAAVVAAAMATSNGNPTPTATIPASSSSSSNTLPSSNNSSCHNSSSSSNSCNSNQVPIQVPILSGSPGSTSSASHIPHVPFAYHHNLHGYLENRLEAVATPAPMDLSLGSSARRQMQLHEKDPSGVDLTFRKRKVITSPMQPDKISKLEEVIKKEPETETENEDVEVDVETEQPEEHKLPSKQVKLFKPYLLDDDEEQDHHHHHHHHRQEDLDEGAAEEEQDDEEESRYADDDEVDSKEAADKKQRRLKKKPSAINEQREPIIWSNHPYPGGCVSPGSSITSSFQCPTSMQQQQTFPVAGGSPNQQFQDNCSSSKATTPLSPFSAPALSPTGFCCPKGSPVSGYESSSSTYSDSGSNYSLNLQLHAVYNDNLMYMQQQQQQQQQQHHLQHQQHLQRWLDQESLATARTSSVNRPLILVADTAPTNLTLVA	Brinker	658	2	MA0213.1		SRX187588							UP01551	
kay	Drosophila melanogaster	A8MPH9	FOSLD_DROME	Reviewed	MIALKATEMQHNNNALQQQQQLQHQLLQQHQQQHQQQLQQQLNSPDNNYIWATTHNANISRNNAMLQLQQQQLRAPWITDCNKQHHINNNNSMNVNYNQQLTQQPQQQQQQTQYMQHNYNNYTQQQQQQHLVPATTSQSNSHFYQCNQQQQQQQFLAPTTTTAAVVVAAAHQQHQTQQQHQSQQQQQHQRQDYASLQMGRQLGNFETGQSVLTLTTPTLTPTTTRNIEDTLGHLLSDTQTDRVAGCAGFAVPKVLPNAIDVLGMGIPTGVSSLPLQQTFDLSLGQGSESEDSNASYNDTQMNEEQDTTDTSSAHTDSTSYQAGHIMAGSVNGGGVNNFSNVLAAVSSSRGSASVGSSNANTSNTPARRGGGRRPNRSTNMTPEEEQKRAVRRERNKQAAARCRKRRVDQTNELTEEVEQLEKRGESMRKEIEVLTNSKNQLEYLLATHRATCQKIRSDMLSVVTCNGLIAPAGLLSAGSSGSGASSHHNHNSNDSSNGTITGMDATLNSTGRSNSPLDLKPAANIDSLLMHIKDEPLDGAIDSGSSLDQDGPPPSKRITLPPMSTMPHVHLSTILTPTGASSGSLQTPITSTAPGGFGSAFPVTSNGSSINNINSIGNNMNSPTLNAHNKVPKERPNTLAFQRPLGQMHLTMANNKAGGPTQIQGVPIQTPSTGTFNFDSLMDGGTGLTPVSGPLVPNSSSTNKHPLELPTPTAEPSKLVSL	bZIP	392	2					EXP043902;EXP044222					UP01522	
kn	Drosophila melanogaster	P56721	COLL_DROME	Reviewed	MEWGRKLYPSAVSGPRSAGGLMFGLPPTAAVDMNQPRGPMTSLKEEPLGSRWAMQPVVDQSNLGIGRAHFEKQPPSNLRKSNFFHFVIALYDRAGQPIEIERTAFIGFIEKDSESDATKTNNGIQYRLQLLYANGARQEQDIFVRLIDSVTKQAIIYEGQDKNPEMCRVLLTHEVMCSRCCDKKSCGNRNETPSDPVIIDRFFLKFFLKCNQNCLKNAGNPRDMRRFQVVISTQVAVDGPLLAISDNMFVHNNSKHGRRAKRLDTTEGTGNTSLSISGHPLAPDSTYDGLYPPLPVATPCIKAISPSEGWTTGGATVIIVGDNFFDGLQVVFGTMLVWSELITSHAIRVQTPPRHIPGVVEVTLSYKSKQFCKGSPGRFVYVSALNEPTIDYGFQRLQKLIPRHPGDPEKLQKEIILKRAADLVEALYSMPRSPGGSTGFNSYAGQLAVSVQDGSGQWTEDDYQRAQSSSVSPRGGYCSSASTPHSSGGSYGATAASAAVAATANGYAPAPNMGTLSSSPGSVFNSTSMSAVSSTWHQAFVQHHHAATAHPHHHYPHPHQPWHNPAVSAATAAAV	EBF1	676	2			SRX992689							UP01523	
lmd	Drosophila melanogaster	A0A0B4KGM2	A0A0B4KGM2_DROME	Unreviewed	MELLFPGCNKAFSRLENLKIHQRSHTGERPYGCQYKGCLKAFSNSSDRAKHQRTHYDTKPYACQLPGCTKRYTDPSSLRKHVKNHALRNANGQLRRKSAGGASVPPSGPKKAAKTRRHSESALVQRGVGAGVGVAVPSAPGDQRQHRSNSCSEALLLQQHQQQQQQQQQQQKQHQPENERTTDRSNCGTGVAANNNSMNFNELSNCIVIIEHNQSGGPAGPATLATATATTTATATYGNGNMAPAPETEVLSVCSGGGSSNSNSNNNRYNANINQLSELEQLLTTAKPTGTPAASANGISLANNNGRANGDSKCHLSEFVSFEYVTKYLTDVYEPQCKSPQPPANFHLQPEFDNSFDMLDFPQFI	C2H2 ZF	221	2			SRX151218;SRX151219						M00564_2.00	UP00537;UP01555	
so	Drosophila melanogaster	Q27350	SO_DROME	Reviewed	MLQHPATDFYDLAAANAAAVLTARHTPPYSPTGLSGSVALHNNNNNNSSTSNNNNSTLDIMAHNGGGAGGGLHLNSSSNGGGGGGVVSGGGSGGRENLPSFGFTQEQVACVCEVLQQAGNIERLGRFLWSLPQCDKLQLNESVLKAKAVVAFHRGQYKELYRLLEHHHFSAQNHAKLQALWLKAHYVEAEKLRGRPLGAVGKYRVRRKFPLPRTIWDGEETSYCFKEKSRSVLRDWYSHNPYPSPREKRDLAEATGLTTTQVSNWFKNRRQRDRAAEHKDGSTDKQHLDSSSDSEMEGSMLPSQSAQHQQQQQQQQHSPGNSSGNNNGLHQQQLQHVAAEQGLQHHPHQPHPASNIANVAATKSSGGGGGGGVSAAAAAQMQMPPLTAAVAYSHLHSVMGAMPMTAMYDMGEYQHL	Homeodomain	316	2	MA0246.1		SRX386287;SRX386288						M02117_2.00		
tin	Drosophila melanogaster	P22711	TIN_DROME	Reviewed	MLQHHQQQAQSGGYYDHYTQSPSPGSLTNADALNTTPFSVKDILNMVNQTEAYEGSYGHIDGAATASALFAAGEYQNPHQYLNHQQHQQSELPIPQQQLHHQHLDDGATTSSSLSPLLPPPPHQLYGGYQDYGMPAHMFQHHHGHPHQSFQHSASAYNMSASQFYAGASATAYQTPATYNYNYAGSGEVYGGATPSAVGIKSEYIPTPYVTPSPTLDLNSSAEVDSLQAPTQKLCVNPLSQRLMETASNSSSLRSIYGSDEGAKKKDNSQVTSSRSELRKNSISGNSNPGSNSGSTKPRMKRKPRVLFSQAQVLELECRFRLKKYLTGAEREIIAQKLNLSATQVKIWFQNRRYKSKRGDIDCEGIAKHLKLKSEPLDSPTSLPPPIPNHVMWPPTMQQSQQQQQHHAQQQQMQHM	Homeodomain	319	2	MA0247.1;MA0247.2		ERX1432617;ERX1432618;ERX1432619;ERX1432620						M00559_2.00	UP00511	
tll	Drosophila melanogaster	P18102	TLL_DROME	Reviewed	MQSSEGSPDMMDQKYNSVRLSPAASSRILYHVPCKVCRDHSSGKHYGIYACDGCAGFFKRSIRRSRQYVCKSQKQGLCVVDKTHRNQCRACRLRKCFEVGMNKDAVQHERGPRNSTLRRHMAMYKDAMMGAGEMPQIPAEILMNTAALTGFPGVPMPMPGLPQRAGHHPAHMAAFQPPPSAAAVLDLSVPRVPHHPVHQGHHGFFSPTAAYMNALATRALPPTPPLMAAEHIKETAAEHLFKNVNWIKSVRAFTELPMPDQLLLLEESWKEFFILAMAQYLMPMNFAQLLFVYESENANREIMGMVTREVHAFQEVLNQLCHLNIDSTEYECLRAISLFRKSPPSASSTEDLANSSILTGSGSPNSSASAESRGLLESGKVAAMHNDARSALHNYIQRTHPSQPMRFQTLLGVVQLMHKVSSFTIEELFFRKTIGDITIVRLISDMYSQRKI	Nuclear receptor	613	2	MA0459.1		SRX026858		EXP045378				M02408_2.00		
ttk	Drosophila melanogaster	P17789	TTKB_DROME	Reviewed	MKMASQRFCLRWNNHQSNLLSVFDQLLHAETFTDVTLAVEGQHLKAHKMVLSACSPYFNTLFVSHPEKHPIVILKDVPYSDMKSLLDFMYRGEVSVDQERLTAFLRVAESLRIKGLTEVNDDKPSPAAAAAGAGATGSESTATTPQLQRIQPYLVPQRNRSQAGGLLASAANAGNTPTLPVQPSLLSSALMPKRKRGRPRKLSGSSNGTGNDYDDFDRENMMNDSSDLGNGKMCNESYSGNDDGSDDNQPNAGHTDDLNESRDSLPSKRSKNSKDHRVVSHHEDNSTSDGNDSDGEGLDTSYMEPQLMLDEYDEPVEFKYNPLTDNSSPTQDHTDGSHLNEQARQQAFLIAAQRKHQVETAAAAAASGIKLNIIGMAAGGAQVKSMVSIPKLTPIGKVNAASTPLVSPAGSFSTATVKPRVQKRPKLGKQNGDVKPAVFSSQEYLDIYNSNDGFKLKAAGLSGSTPNLSAGLGTPSVKTKLNLSSNVGEGEAEGSVRDYCTKEGEHTYRCKVCSRVYTHISNFCRHYVTSHKRNVKVYPCPFCFKEFTRKDNMTAHVKIIHKIENPSTALATVAAANLAGQPLGVSGASTPPPPDLSGQNSNQSLPATSNALSTSSSSSTSSSSGSLGPLTTSAPPAPAAAAQ	C2H2 ZF	16	2	MA0460.1		SRX113319;SRX113323		EXP045551;EXP045553						SRR3402442
tup	Drosophila melanogaster	Q9VJ37	Q9VJ37_DROME	Unreviewed	MVMAEIGGHLAHQLPLHNHNHNQTGLQPSLVMNHHLDLDCHGHDVIKKQRLSHCVGCGGQIHDQYILRVAPDLEWHAACLKCQECRQFLDESCTCFVRDGKTYCKRDYVRLFGTKCDKCGNSFSKNDFVMRAKTKIFHIECFRCSACARQLLPGDEFALRDAGALYCKEDHDVLEKSSQSSLTSSSVESNNNISSSNNNNTNLSNNNHSSELGSMSDSGSESGSHKSIRDKRPSGPSDGKPTRVRTVLNEKQLHTLRTCYNANPRPDALMKEQLVEMTSLSPRVIRVWFQNKRCKDKKKTIQMKLQMQQEKEGRKLGYGAMQGIPMIASSPVRHDSPLNLQGLDVQTYQPPWKALSDFALHADLDSNGAINTHTPAFQQLVNQMHGYDLNGMPILPPHPHSHPAQGPPHQHPPPPGGPHNHQNQQPNQQPGGSSLDSGITSHHHPDSTDSYVTYLESDDKSKLALTPSSSSSASAGTSISSPPSGVGAGGGGAVGGGSGVLGLGVVANQSATEQLMQMLQKVTGSASPASHAVL	Homeodomain	322	2	MA0248.1				EXP044220					UP01534	
twi	Drosophila melanogaster	P10627	TWIST_DROME	Reviewed	MMSARSVSPKVLLDISYKPTLPNIMELQNNVIKLIQVEQQAYMQSGYQLQHQQQHLHSHQHHQQHHQQQHAQYAPLPSEYAAYGITELEDTDYNIPSNEVLSTSSNQSAQSTSLELNNNNTSSNTNSSGNNPSGFDGQASSGSSWNEHGKRARSSGDYDCQTGGSLVMQPEHKKLIHQQQQQQQQHQQQIYVDYLPTTVDEVASAQSCPGVQSTCTSPQSHFDFPDEELPEHKAQVFLPLYNNQQQQSQQLQQQQPHQQSHAQMHFQNAYRQSFEGYEPANSLNGSAYSSSDRDDMEYARHNALSSVSDLNGGVMSPACLADDGSAGSLLDGSDAGGKAFRKPRRRLKRKPSKTEETDEFSNQRVMANVRERQRTQSLNDAFKSLQQIIPTLPSDKLSKIQTLKLATRYIDFLCRMLSSSDISLLKALEAQGSPSAYGSASSLLSAAANGAEADLKCLRKANGAPIIPPEKLSYLFGVWRMEGDAQHQKA	bHLH	486	2	MA0249.1;MA0249.2		ERX008189;ERX008195;ERX1430242;ERX1430243;ERX1430244;ERX1430245;ERX1430249;ERX1430250;SRX1032414;SRX1032415;SRX183881;SRX183882;SRX183883;SRX183884;SRX183885;SRX2009293		EXP045632					UP01535	
Gsc	Drosophila melanogaster	P54366	GSC_DROME	Reviewed	MVETNSPPAGYTLKRSPSDLGEQQQPPRQISRSPGNTAAYHLTTAMLLNSQQCGYLGQRLQSVLQQQHAQHQQSQSQTPSSDDGSQSGVTILEEERRGGAAAASLFTIDSILGSRQQGGGTAPSQGSHISSNGNQNGLTSNGISLGLKRSGAESPASPNSNSSSSAAASPIRPQRVPAMLQHPGLHLGHLAAAAASGFAASPSDFLVAYPNFYPNYMHAAAVAHVAAAQMQAHVSGAAAGLSGHGHHPHHPHGHPHHPHLGAHHHGQHHLSHLGHGPPPKRKRRHRTIFTEEQLEQLEATFDKTHYPDVVLREQLALKVDLKEERVEVWFKNRRAKWRKQKREEQERLRKLQEEQCGSTTNGTTNSSSGTTSSTGNGSLTVKCPGSDHYSAQLVHIKSDANGYSDADESSDLEVA	Homeodomain	336	2	MA0190.1								M02120_2.00		SRR3402446
Hr39	Drosophila melanogaster	Q05192	FTF1B_DROME	Reviewed	MPNMSSIKAEQQSGPLGGSSGYQVPVNMCTTTVANTTTTLGSSAGGATGSRHNVSVTNIKCELDELPSPNGNMVPVIANYVHGSLRIPLSGHSNHRESDSEEELASIENLKVRRRTAADKNGPRPMSWEGELSDTEVNGGEELMEMEPTIKSEVVPAVAPPQPVCALQPIKTELENIAGEMQIQEKCYPQSNTQHHAATKLKVAPTQSDPINLKFEPPLGDNSPLLAARSKSSSGGHLPLPTNPSPDSAIHSVYTHSSPSQSPLTSRHAPYTPSLSRNNSDASHSSCYSYSSEFSPTHSPIQARHAPPAGTLYGNHHGIYRQMKVEASSTVPSSGQEAQNLSMDSASSNLDTVGLGSSHPASPAGISRQQLINSPCPICGDKISGFHYGIFSCESCKGFFKRTVQNRKNYVCVRGGPCQVSISTRKKCPACRFEKCLQKGMKLEAIREDRTRGGRSTYQCSYTLPNSMLSPLLSPDQAAAAAAAAAVASQQQPHQRLHQLNGFGGVPIPCSTSLPASPSLAGTSVKSEEMAETGKQSLRTGSVPPLLQEIMDVEHLWQYTDAELARINQPLSAFASGSSSSSSSSGTSSGAHAQLTNPLLASAGLSSNGENANPDLIAHLCNVADHRLYKIVKWCKSLPLFKNISIDDQICLLINSWCELLLFSCCFRSIDTPGEIKMSQGRKITLSQAKSNGLQTCIERMLNLTDHLRRLRVDRYEYVAMKVIVLLQSDTTELQEAVKVRECQEKALQSLQAYTLAHYPDTPSKFGELLLRIPDLQRTCQLGKEMLTIKTRDGADFNLLMELLRGEH	Nuclear receptor	601	2			SRX032109		EXP044188					UP01557	
Hr78	Drosophila melanogaster	Q24142	HR78_DROME	Reviewed	MDGVKVETFIKSEENRAMPLIGGGSASGGTPLPGGGVGMGAGASATLSVELCLVCGDRASGRHYGAISCEGCKGFFKRSIRKQLGYQCRGAMNCEVTKHHRNRCQFCRLQKCLASGMRSDSVQHERKPIVDRKEGIIAAAGSSSTSGGGNGSSTYLSGKSGYQQGRGKGHSVKAESAATPPVHSAPATAFNLNENIFPMGLNFAELTQTLMFATQQQQQQQQQHQQSGSYSPDIPKADPEDDEDDSMDNSSTLCLQLLANSASNNNSQHLNFNAGEVPTALPTTSTMGLIQSSLDMRVIHKGLQILQPIQNQLERNGNLSVKPECDSEAEDSGTEDAVDAELEHMELDFECGGNRSGGSDFAINEAVFEQDLLTDVQCAFHVQPPTLVHSYLNIHYVCETGSRIIFLTIHTLRKVPVFEQLEAHTQVKLLRGVWPALMAIALAQCQGQLSVPTIIGQFIQSTRQLADIDKIEPLKISKMANLTRTLHDFVQELQSLDVTDMEFGLLRLILLFNPTLLQQRKERSLRGYVRRVQLYALSSLRRQGGIGGGEERFNVLVARLLPLSSLDAEAMEELFFANLVGQMQMDALIPFILMTSNTSGL	Nuclear receptor	604	2			SRX335503;SRX335504;SRX335506;SRX335507;SRX495783;SRX495784		EXP043522;EXP044242					UP01544	
Jra	Drosophila melanogaster	P18289	JRA_DROME	Reviewed	MKTPVSAAANLSIQNAGSSGATAIQIIPKTEPVGEEGPMSLDFQSPNLNTSTPNPNKRPGSLDLNSKSAKNKRIFAPLVINSPDLSSKTVNTPDLEKILLSNNLMQTPQPGKVFPTKAGPVTVEQLDFGRGFEEALHNLHTNSQAFPSANSAANSAANNTTAAAMTAVNNGISGGTFTYTNMTEGFSVIKDEPVNQASSPTVNPIDMEAQEKIKLERKRQRNRVAASKCRKRKLERISKLEDRVKVLKGENVDLASIVKNLKDHVAQLKQQVMEHIAAGCTVPPNSTDQ	bZIP	382	2					EXP043884					UP01521	
Kr	Drosophila melanogaster	P07247	KRUP_DROME	Reviewed	MSISMLQDAQTRTLAAALAGIKQEDVHLDRSMSLSPPMSANTSATSAAAIYPAMGLQQAAAASAFGMLSPTQLLAANRQAAAFMAQLPMSTLANTLFPHNPAALFGAWAAQQSLPPQGTHLHSPPASPHSPLSTPLGSGKHPLNSPNSTPQHHEPAKKARKLSVKKEFQTEISMSVNDMYHTSGGPISPPSSGSSPNSTHDGAGGNAGCVGVSKDPSRDKSFTCKICSRSFGYKHVLQNHERTHTGEKPFECPECHKRFTRDHHLKTHMRLHTGEKPYHCSHCDRQFVQVANLRRHLRVHTGERPYTCEICDGKFSDSNQLKSHMLVHNGEKPFECERCHMKFRRRHHLMNHKCGIQSPPTPALSPAMSGDYPVAISAIAIEASTNRFAAMCATYGGSNESVDMEKATPEDDGPLDLSEDGASSVDGHCSNIARRKAQDIRRVFRLPPPQIPHVPSDMPEQTEPEDLSMHSPRSIGSHEQTDDIDLYDLDDAPASYMGHQQH	C2H2 ZF	99	2	MA0452.2		SRX033318;SRX111810;SRX348467;SRX348468;SRX348473		EXP045388;EXP045523					UP01524	
Abd-B	Drosophila melanogaster	P09087	ABDB_DROME	Reviewed	MQQHHLQQQQQQQQQQEQQHLQEQQQHLQQLHHHAHHHLPQPLHTTSHHHSAHPHLQQQQQQQQHAVVASSPSSVLQQQQQQSTPTTHSTPTHAVMYEDPPPVPLVAVQQQHLPAPQQQQQLQQQQQQQQQQLATTPVAGALSPAQTPTGPSAQQQQHLTSPHHQQLPQQQTPNSVASGASSNLQQQQQQQNAAVAPGQTQIVAPTTASVSPSSVSSQKEDINMSIQLAPLHIPAIRAGPGFETDTSAAVKRHTAHWAYNDEGFNQHYGSGYYDRKHMFAYPYPETQFPVGQYWGPNYRPDQTTSAAAAAAYMNEAERHVSAAARQSVEGTSTSSYEPPTYSSPGGLRGYPSENYSSSGASGGLSVGAVGPCTPNPGLHEWTGQVSVRKKRKPYSKFQTLELEKEFLFNAYVSKQKRWELARNLQLTERQVKIWFQNRRMKNKKNSQRQANQQNNNNNSSSNHNHAQATQQHHSGHHLNLSLNMGHHAAKMHQ	Homeodomain	273	2	MA0165.1		SRX1056714;SRX1056715;SRX1056716;SRX1056717;SRX335517;SRX335518;SRX495261;SRX495262;SRX495265;SRX495266						M00554_2.00	UP00503	
BEAF-32	Drosophila melanogaster	Q7JN06	Q7JN06_DROME	Unreviewed	MHVEKKSELRSLLKSGDKRCKLVEPRNTKSCVWRFFNLVQCDDHIEPYACCKTCGDLLSYSGKTGTGSLLRHRCLHSSSSNDKTVRITKAKTLREPLRVAKPKIESNVANYLGEAGALPQKWEEYEQNDEISEDIKDIIYSEDPLCYSPIHVMDDEGLDQPEKQVTVLTHSTSPAGGSSRPIGVGSGVQATVVASTSSSSSSAKQLKNNLETSIERLTAVSEQLSYIIQQNHEELTKDDDYYFALSLVPAMRHLSLSRKMYVRSKIQDILFKESEDSTLAKDE	BED ZF	397	2	MA0529.1;MA0529.2		SRX085407;SRX085408;SRX085409;SRX100252;SRX100253;SRX131079;SRX131080;SRX131081;SRX131082;SRX252224;SRX386677;SRX467097;SRX467098;SRX749020;SRX749021		EXP044177					UP01546	
zfh1	Drosophila melanogaster	P28166	ZFH1_DROME	Reviewed	MLSCLAPSSSRFGQEDTIIQQSMPSTSPFAMQFPSLASTLLHHNQSPKHSNPGSSGIQDAHPNQPGAAADAFLVKCTQCHKRFPEYQSLSEHIASEHPHDKLNCGAAQPESDAEDEQSNMSGSSRRYAKSPLASNNNSSTANANNNSTSSQSMNNNSELAKNHNSANKMSPMCSPGSLTPGDLFAQLQHPPPQLPPHLHAQFMAAAASLAMQSARTASSPSQQQQQQLQQQQQLQQQQQHQMAMQQLLPPQLPGSNSSVGSNSAYDLDLSAPRSTSSPGSTTGDLSGAYPCMQCTASFASREQLEQHEQLHSPCGPAAVSNVSQTCRICHKAFANVYRLQRHMISHDESALLRKFKCKECDKAFKFKHHLKEHVRIHSGEKPFGCDNCGKRFSHSGSFSSHMTSKKCISMGLKLNNNRALLKRLEKSPGSASSASRRSPSDHGKGKLPEQPSLPGLPHPMSYFASDAQVQGGSAAPAPFPPFHPNYMNAALLAFPHNFMAAAAGLDPRVHPYSIQRLLQLSAAGQQQREEEREEQQKQQQHDEEETPDEPKLVMDIEEPETKEMAPTPEATEAATPIKREESREASPDPESYRSSSQAIKQEQEPLNVAEERQTPVEEHAPVEHAADLRCSRCSKQFNHPTELVQHEKVLCGLIKEELEQHFQQQQATSFALASASEEDEEDEEMDVEEEPRQESGERKVRVRTAINEEQQQQLKQHYSLNARPSRDEFRMIAARLQLDPRVVQVWFQNNRSRERKMQSFQNNQAAGAAPPMPIDSQASLTREDQPLDLSVKRDPLTPKSESSPPYIAPPSGEALNPEAINLSRKFSTSASMSPASISPSSAAALYFGAAPPPSPPNSQLDSTPRSGQAFPGLPPYMLPMSLPMEALFKMRPGGDFASNHALMNSIKLPDYRGTSLSPGGSEKRSWRDDDSRISHEDEFGAGVLMPPKPRRGKAETHGHAGDPDLPYVCDQCDKAFAKQSSLARHKYEHSGQRPYQCIECPKAFKHKHHLTEHKRLHSGEKPFQCSKCLKRFSHSGSYSQHMNHRYSYCKPYRE	C2H2 ZF,Homeodomain	683	2			ERX2933037;ERX2933038;ERX2933039;ERX2933040;SRX113325							UP01538	
pdm3	Drosophila melanogaster	A0A0B4JD55	A0A0B4JD55_DROME	Unreviewed	MAEGCEDSAGAAESTTSQSQYTTLDKMLGTVLPCEAAIGATPGGGSSSGNSSSNIGGNTTNSSNNGSNIVKREFCDGSLMPGAGASVNNNNANAANNNNNNSSSSNNNNNNNNTKMQAMICNKSSSTNNSSSSSSSSSSCSSSSSSSSSATSTLTSCTTAAVVPSNCSTNANKSPVSPYSQSLGMAIGIGAGAGSSPLREASPLPSSRSPLNAIASTIAAKSPCSGAAPASPPSASSNSSSHVLALNIKTESDFDKEISCHKIHSPSSSSHAHSLHHHHHHHHHPHHSSRSNNNDDEMEITDGHALLSPPPPSHSHSHSPFDSKDHVKELEFYKNLAAKAASLANQHSPPPMPLPLPLPMQIDGEEDENEGEGEGEGEAEEQSAEVMRLRREEQAQAKAFAAHLNGTMQDMINLQKLQNLATLQQQQQQQQQHPHPHHGHQHHHHHPATAAALASLQGLAASVFNSPLNLSVGGEPVATTGPSVAPTSPTHNGGKSKTAKGGSSGNGSGGSSANSGTSSAQQQQQPDNPSSSSSPHHPLSASSLANVLAAATASPPPSLQAPPASAQMPQLILASGQLVQGVQGAQLLIPTAQGIAVQTILTIPVSPQIPTTEQFLPNAFGAFASYQQQQQQQQQQRDLLPPSLAALQHATALPQLAQTPTNLLKPNLFSTGVQQLLTALHPELFAAAAATHQQQQQQQQQQVQQQREREREREREREREREREREQHLGIGHLPHSHLAADLRRSAERSPTAGSPTGGSPGLAAKGPQPPPPGAAFLLQQQLHIKPETQTHLHHHLQTQSTSAVSSTLPQISLRHPDELTAPQMDLKPLELSASTSPPAPPPRHHFGHSLRGSSTVSPKHSPQGRMGGSGGSTTTGMNLSQHHERHDRLERLERQERHERRSHTPTATATRASVSSSSSAGHHGGSLPSGRLSPPSSAPSNSAANSISDRGYTSPLFRTHSPQGHALSLGGSPRLERDYLGNGPSSGTATSTSSCGAPTAAGSSATANVLSSINRLNASNGELTITKSLGAPTATATRASSASPRDDSPGPGPSTSSVSHMQPLKLSPSSRSEPPHLSPNGNDNDNDLLMDSPNEPTINQATTNVVDGIDLDEIKEFAKAFKLRRLSLGLTQTQVGQALSVTEGPAYSQSAICSSALAAQMYAAQLSTQQQNMFEKLDITPKSAQKIKPVLERWMKEAEESHWNRYKSGQNHLTDYIGVEPSKKRKRRTSFTPQALELLNAHFERNTHPSGTEITGLAHQLGYEREVIRIWFCNKRQALKNTVRMMSKGMV	Homeodomain	298	2					EXP043569				M02127_2.00		
pho	Drosophila melanogaster	Q8ST83	PHO_DROME	Reviewed	MAYERFGIILQSEQYDEDIGNTKVNQKMNEGNHYDLHRKNAFDRIIHSESKKGDNVINYNIHENDKIKAADNIFSSKLKMNPNMSYEMNINCFKNIGYGENQETSKVLTNSLSNNDINTEESGVVDKNSPFLTLGTTILNSNGKSRRWEQKLVHIKTMEGEFSVTMWASGISDDEYSGSDQIVGASDLLKGKEEFGIDGFTSQQNKEYQKMESKFTNAQTLEMPHPISSVQIMDHLIKERGNLSQENNISERILSKTTLSFEEPILLPDSSSIELVNETAAMTINNHRTLSNHTGNTGDLHALPSSVPFRIGLHEGQVNDCLSTISQSTHQDNTDSTGCGEMNLSEVTVSYTNDKKIACPHKGCNKHFRDSSAMRKHLHTHGPRVHVCAECGKAFVESSKLKRHQLVHTGEKPFQCTFEGCGKRFSLDFNLRTHVRIHTGDRPFVCPFDACNKKFAQSTNLKSHILTHAKAKRNTSISGKSGCSNAESNSQSEDTSANYVKVELQDSVTENHVPFVVYAD	C2H2 ZF	78	2	MA1460.1		SRX1531759;SRX1531760;SRX1550608;SRX1550609;SRX1550610;SRX1550611;SRX1550612;SRX1550613;SRX1958586;SRX300934;SRX300935;SRX397052;SRX397053;SRX681813;SRX681817;SRX681822;SRX681825;SRX681828;SRX681831							UP01525	
Max	Drosophila melanogaster	P91664	MAX_DROME	Reviewed	MSMSDDDRDIDIESDEDGDSDTGLGSSRHTNTANFTQAEKRAHHNALERRRRDHIKESFTNLREAVPTLKGEKASRAQILKKTTECIQTMRRKISENQKDIEEIKRQNNIIAKQIQALESSNGDQFSEFLSDEEVGSEEADDEDLDQDFSRRNKKMKTFHA	bHLH	474	2			SRX482858							UP01549	
Myc	Drosophila melanogaster	Q9W4S7	MYC_DROME	Reviewed	MALYRSDPYSIMDDQLFSNISIFDMDNDLYDMDKLLSSSTIQSDLEKIEDMESVFQDYDLEEDMKPEIRNIDCMWPAMSSCLTSGNGNGIESGNSAASSYSETGAVSLAMVSGSTNLYSAYQRSQTTDNTQSNQQHVVNSAENMPVIIKKELADLDYTVCQKRLRLSGGDKKSQIQDEVHLIPPGGSLLRKRNNQDIIRKSGELSGSDSIKYQRPDTPHSLTDEVAASEFRHNVDLRACVMGSNNISLTGNDSDVNYIKQISRELQNTGKDPLPVRYIPPINDVLDVLNQHSNSTGGQQQLNQQQLDEQQQAIDIATGRNTVDSPPTTGSDSDSDDGEPLNFDLRHHRTSKSGSNASITTNNNNSNNKNNKLKNNSNGMLHMMHITDHSYTRCNDMVDDGPNLETPSDSDEEIDVVSYTDKKLPTNPSCHLMGALQFQMAHKISIDHMKQKPRYNNFNLPYTPASSSPVKSVANSRYPSPSSTPYQNCSSASPSYSPLSVDSSNVSSSSSSSSSQSSFTTSSSNKGRKRSSLKDPGLLISSSSVYLPGVNNKVTHSSMMSKKSRGKKVVGTSSGNTSPISSGQDVDAMDRNWQRRSGGIATSTSSNSSVHRKDFVLGFDEADTIEKRNQHNDMERQRRIGLKNLFEALKKQIPTIRDKERAPKVNILREAAKLCIQLTQEEKELSMQRQLLSLQLKQRQDTLASYQMELNESRSVSG	bHLH	483	2			ERX242709;ERX242727;SRX111787;SRX160967;SRX160968;SRX335495;SRX335496;SRX467037;SRX467038;SRX495786;SRX495787;SRX495789;SRX495790		EXP043471					UP01558	
CHES-1-like	Drosophila melanogaster	M9PDZ5	M9PDZ5_DROME	Unreviewed	MSTDNPTQLLTTRDLSQLRGHLQSGTVAVPSTTTSVVAAAAATVAAAHGYRTIAPPQQPANNSSTTTSATAASASASAQPPVIPPVISTSNSNMPASASKYVFLQHNHNGGFTAYDGSAATTAAGSTGTVGATSGNIVLLAAAPLEASSGEALVNVRTTEDDGELRSLSWLSDTNLIKGIVTTTAGQAGKRAATVAIKSATGAAGTVGSGAPNGNLCIVSDLIEELPTNLSETSEQESTGGAASGSAPAASTVYSTTTVHKGASGTTTVVEYKASKANQQQQNSPQQQQQQQQQQQQQQQQQQQQQQQQQQQQQQQQTTYLPTPTRTTMVGHGYMPVVVSSASQPILSPAKQQLPQQIYVTSNGSSPAGGGTIYKAASQALSSPTTSSSSSSNTTTHHPHKKYLREKMHVQMDHSSHVASTVTVVSSPASSNNSSISSSNTGSVSGSGSSTAAVNGGNSPVPKTSSFSTVFEAVNYATSAASNSSSSSNSTPNSQAILHGQESPAVVTTTTLISAGTLPPGYSFVNQVASTPHVLSTPAHVASPETPPGAALLPGTYYATSTTSAGTTTTTLQARSLQLSVSPPPPNMTPTSQVHNGSLGGGGGGGGGSGGGGGGGGANLRSPNSYASYDNEDSLKEFDLVVSSRLHTSTPQYSVSKNGANGYGNGNSNVNGSGAGSNTPQKQKHPNNVPYDPLVHTNNKPPYSFSSLIFMAIEGSNEKALPVKEIYAWIVQHFPYFKTAPNGWKNSVRHNLSLNKSFVKVEKAPNMGKGSLWRVEPQQRQNLIQALNRSPFFPNSAVDKISPSLKSPSGGSAYDSLDGGGSGSVSSAQPVAGGAGVPAAAAVALSTPTKSNGLALANGASQATNAARPHSPNGGGSGSHARFDPYLFPNLSKAFRNIREDTVGQPMLQDALDDELSGDYHNNNNNNSGSKYNYMGANGSGGAGSGGVGSNANGASDGINFARLARDCGADSIDDVHAAAAMLYLKHGPKIYSEPFQNGGPVITSSPSEDHTYSAGGNSNADSGSSTPLTNGNALASVAQAVAQGQNNQGGAGSDSNCASSDAAYDSSEENHNITPEEMADRQRHRDGVDALLSLSGSSIVECGSVATTHYHSNGSSGSSHGSPHKRASSHSLEEEHLQQHREQQLQQQQQQQQHHHQQFGSSQAVYTNGSGSKMALLSSAAANVALAQQQQQQIHQDMYSSTAGHNASMYLGGLNSHCLSGGGGVGVAAGMLPQHLSAATGASNKNKVKPLRGLRTKFKRKSAWMR	Forkhead	523	2					EXP043590				M01013_2.00	UP00520	
Clamp	Drosophila melanogaster	Q8IGP5	Q8IGP5_DROME	Unreviewed	MEDLTKNIIFTNAINGQPATIQYQTADGTILKQPKIEGQKTEQQPTFYYTTNGNGGTVNLAQLATTDDNKTCYIAQPVGGYNYALVNGMPLNQGAALGIATVDAQGRIQIVNQNKPIAANTISNISFKCDVCSDMFPHLALLNAHKRMHTDGEQQQQQQHNAQAGGDSIAVVSAQGLVQAQNIIGNGQMGQIQIVSSDTLEPVQQSVMQQQQHESKASKCINCGSSMLQQSKRKGPKQVRCESCMQAEQTAQQQQQLFVAQDGQMAHPVQIISTTPQAQAQLQQIVAAQTGGTTPKREASSGSGHHPVKKRNSQQMTKCQKCNGSGVVLVGQHSHASHSGVGGSVKQSVTVKTECLSCRNPSKPFSCNICGGLFSRYSSLWSHKKLHSGEKNYKCSICGLAFAKAVYLKNHARIHTGEKPYKCQTCGMQFSQSPHLKNHERTHSGERPYVCGVCDKGFARHATLWNHRRIHTGEKPYKCEICGSAFSQAAHLKNHAKVHSGEKPYKCEICSAAFADRFALKRHRGIHQKYGQTAPRQTSSDGMIVHKQEIPDMEDEAQQEVIIGGL	C2H2 ZF	205	2	MA1700.1		SRX159163;SRX159164;SRX159165;SRX159166;SRX159167;SRX159168;SRX159169;SRX159170;SRX159171;SRX159172;SRX159173;SRX159174;SRX1850481;SRX1850483;SRX3167243;SRX3167249;SRX3167250;SRX3167251;SRX3167260;SRX3167261;SRX3404010;SRX3404014;SRX3404022;SRX3404026;SRX3404030;SRX3404042;SRX3404046;SRX4563528;SRX4563530;SRX4563532;SRX4563534;SRX4639142;SRX4639143;SRX4639144;SRX4639145;SRX4639146;SRX4639147;SRX4639148;SRX4639149;SRX4664640;SRX4664641;SRX4664642;SRX4664643;SRX4664644;SRX4664645;SRX4664646;SRX4664647;SRX4664648;SRX4664649		EXP043904				M01043_2.00;M01044_2.00	UP00534	
D	Drosophila melanogaster	Q24533	DICH_DROME	Reviewed	MATLSTHPNYGFHLGQAQGLEDYAPQSQLQLSPGMDMDIKRVLHYSQSLAAMGGSPNGPAGQGVNGSSGMGHHMSSHMTPHHMHQAVSAQQTLSPNSSIGSAGSLGSQSSLGSNGSGLNSSSGHQSAGMHSLATSPGQEGHIKRPMNAFMVWSRLQRRQIAKDNPKMHNSEISKRLGAEWKLLAESEKRPFIDEAKRLRALHMKEHPDYKYRPRRKPKNPLTAGPQGGLQMQAGGMGQQKLGAGPGAGAGGYNPFHQLPPYFAPSHHLDQGYPVPYFGGFDPLALSKLHQSQAAAAAAVNNQGQQQGQAPPQLPPTSLSSFYSGIYSGISAPSLYAAHSANAAGLYPSSSTSSPGSSPGTITPNGMDGSMDSALRRPVPVLY	Sox	407	2	MA0445.1		SRX032120							UP01515	
ems	Drosophila melanogaster	P18488	EMS_DROME	Reviewed	MTKMIPPVPTAAAAVMMPTPKQKIGFSIESIVGNDVSTAGGNSTPDLSGPQSPPPGERNVPGSPPQTPPATLTLIPGSPPHHLMAPPAHGLPYPHPHAQQQQQQHLQAPHPHPHLSPAQQHVLHQHLLMQHQHPGTPKSHQDIQELLQRLHHNAAMASGLSPLQTRLSPETEQPQMAVSLKRERSPAPPAMEQAENPAQRIQPPHTPPKSVSPQSSQPSSSPTLLISSPHATPPQQQQQQPPPNYPKPAMMHPGGAGPMMMPGMPPAGLVRPFPMGPGGPPMPQGQPGLPDIKALPPYINAPPELPPQHNPHLIAAAQFQMAAALQAGHVLGPAAAAAAAAGLPPHAAQFMPNPGMARDSYQLYPWLLSRHGRIFPHRFPGSFLVPPFRKPKRIRTAFSPSQLLKLEHAFESNQYVVGAERKALAQNLNLSETQVKVWFQNRRTKHKRMQQEDEKGGEGGSQRNMHNGSGDEDDDELIDMEMDECPSDEEHELDASH	Homeodomain	337	2	MA0219.1				EXP043578				M02114_2.00		
en	Drosophila melanogaster	P02836	HMEN_DROME	Reviewed	MALEDRCSPQSAPSPITLQMQHLHHQQQQQQQQQQQMQHLHQLQQLQQLHQQQLAAGVFHHPAMAFDAAAAAAAAAAAAAAHAHAAALQQRLSGSGSPASCSTPASSTPLTIKEEESDSVIGDMSFHNQTHTTNEEEEAEEDDDIDVDVDDTSAGGRLPPPAHQQQSTAKPSLAFSISNILSDRFGDVQKPGKSMENQASIFRPFEASRSQTATPSAFTRVDLLEFSRQQQAAAAAATAAMMLERANFLNCFNPAAYPRIHEEIVQSRLRRSAANAVIPPPMSSKMSDANPEKSALGSLCKAVSQIGQPAAPTMTQPPLSSSASSLASPPPASNASTISSTSSVATSSSSSSSGCSSAASSLNSSPSSRLGASGSGVNASSPQPQPIPPPSAVSRDSGMESSDDTRSETGSTTTEGGKNEMWPAWVYCTRYSDRPSSGPRYRRPKQPKDKTNDEKRPRTAFSSEQLARLKREFNENRYLTERRRQQLSSELGLNEAQIKIWFQNKRAKIKKSTGSKNPLALQLMAQGLYNHTTVPLTKEEEELEMRMNGQIP	Homeodomain	340	2	MA0220.1		SRX111815;SRX1531768;SRX1531769		EXP043457					UP01516	
eve	Drosophila melanogaster	P06602	EVE_DROME	Reviewed	MHGYRTYNMESHHAHHDASPVDQKPLVVDLLATQYGKPQTPPPSPNECLSSPDNSLNGSRGSEIPADPSVRRYRTAFTRDQLGRLEKEFYKENYVSRPRRCELAAQLNLPESTIKVWFQNRRMKDKRQRIAVAWPYAAVYSDPAFAASILQAAANSVGMPYPPYAPAAAAAAAAAAAVATNPMMATGMPPMGMPQMPTMQMPGHSGHAGHPSPYGQYRYTPYHIPARPAPPHPAGPHMHHPHMMGSSATGSSYSAGAAGLLGALPSATCYTGLGVGVPKTQTPPLDLQSSSSPHSSTLSLSPVGSDHAKVFDRSPVAQSAPSVPAPAPLTTTSPLPAPGLLMPSAKRPASDMSPPPTTTVIAEPKPKLFKPYKTEA	Homeodomain	342	2	MA0221.1		SRX026864;SRX026869		EXP045361				M00556_2.00;M02115_2.00	UP00505	
exd	Drosophila melanogaster	P40427	EXD_DROME	Reviewed	MEDPNRMLAHTGGMMAPQGYGLSGQDDGQNAGSENEVRKQKDIGEILQQIMSISEQSLDEAQARKHTLNCHRMKPALFSVLCEIKEKTVLSIRNTQEEEPPDPQLMRLDNMLIAEGVAGPEKGGGGAAAASAAAASQGGSLSIDGADNAIEHSDYRAKLAQIRQIYHQELEKYEQACNEFTTHVMNLLREQSRTRPITPKEIERMVQIIHKKFSSIQMQLKQSTCEAVMILRSRFLDARRKRRNFSKQASEILNEYFYSHLSNPYPSEEAKEELARKCGITVSQVSNWFGNKRIRYKKNIGKAQEEANLYAAKKAAGASPYSMAGPPSGTTTPMMSPAPPQDSMGYPMGSGGYDQQQPYDNSMGGYDPNLHQDLSP	Homeodomain	344	2	MA0222.1		SRX041390		EXP045402					UP01517	
gt	Drosophila melanogaster	P39572	GIANT_DROME	Reviewed	MLMHEKLMAGQFFDLKTDRKPLMHHHQYQHHQQQPLHHLPHSQLPVQGSLGLPKMDLYTAYAYQQQLLGAALSQQQQQQQQQQQHQQLQQQHTSSAEVLDLSRRCDSVETPRKTPSPYQTSYSYGSGSPSASPTSNLLYAAQMQQQQHQQQQQQQQQQQQLASLYPAFYYSNIKQEQATPTAAPPKVTPTANLLQTFAAASAAAAAAAAASSTNSPRPASNASTMQIDVLENPLSPAVEATTPTTSSSGEAGKNTRPFKAFPRDPLVIAANFAATDVLLDNPRVERYTEYRKRVLEQIRSSNGGSRTVTNPKMRRTNSRSGSVNEGSSSNNNSESEDRAAAEESSDCDSQAGNFESKSATSSSSNLANATAANSGISSGSQVKDAAYYERRRKNNAAAKKSRDRRRIKEDEIAIRAAYLERQNIELLCQIDALKVQLAAFTSAKVTTA	bZIP	391	2	MA0447.1		SRX348463;SRX348464;SRX348471								SRR3402443
h	Drosophila melanogaster	P14003	HAIR_DROME	Reviewed	MVTGVTAANMTNVLGTAVVPAQLKETPLKSDRRSNKPIMEKRRRARINNCLNELKTLILDATKKDPARHSKLEKADILEKTVKHLQELQRQQAAMQQAADPKIVNKFKAGFADCVNEVSRFPGIEPAQRRRLLQHLSNCINGVKTELHQQQRQQQQQSIHAQMLPSPPSSPEQDSQQGAAAPYLFGIQQTASGYFLPNGMQVIPTKLPNGSIALVLPQSLPQQQQQQLLQHQQQQQQLAVAAAAAAAAAAQQQPMLVSMPQRTASTGSASSHSSAGYESAPGSSSSCSYAPPSPANSSYEPMDIKPSVIQRVPMEQQPLSLVIKKQIKEEEQPWRPW	bHLH	463	2	MA0449.1		SRX041380;SRX335509;SRX335510;SRX335511;SRX467025;SRX467026;SRX495779;SRX495780;SRX495781		EXP043659;EXP043752;EXP044126					UP01519	
hth	Drosophila melanogaster	O46339	HTH_DROME	Reviewed	MAQPRYDDGLHGYGMDSGAAAAAMYDPHAGHRPPGLQGLPSHHSPHMTHAAAAAATVGMHGYHSGAGGHGTPSHVSPVGNHLMGAIPEVHKRDKDAIYEHPLFPLLALIFEKCELATCTPREPGVQGGDVCSSESFNEDIAMFSKQIRSQKPYYTADPEVDSLMVQAIQVLRFHLLELEKVHELCDNFCHRYISCLKGKMPIDLVIDERDTTKPPELGSANGEGRSNADSTSHTDGASTPDVRPPSSSLSYGGAMNDDARSPGAGSTPGPLSQQPPALDTSDPDGKFLSSLNPSELTYDGRWCRREWSSPADARNADASRRLYSSVFLGSPDNFGTSASGDASNASIGSGEGTGEEDDDASGKKNQKKRGIFPKVATNILRAWLFQHLTHPYPSEDQKKQLAQDTGLTILQVNNWFINARRRIVQPMIDQSNRAVYTPHPGPSGYGHDAMGYMMDSQAHMMHRPPGDPGFHQGYPHYPPAEYYGQHL	Homeodomain	352	2	MA0227.1		SRX111801;SRX113307;SRX495171;SRX495172		EXP043693;EXP045513					UP01520	
jumu	Drosophila melanogaster	Q9XTP7	Q9XTP7_DROME	Unreviewed	MFELEDYSSGIHEGFFSKYADAAGPSLDFYVSDSMQEMLNVDIRAEIANVVGSSSSDLTSSLDQTLEAISAINNNQSNGNSSQSASYNANANFLTSSGLHASPTAKWMGSSANFWSNSDYYADLGACVNPISVMPLINSTSAGMFSPKKNKTASSTQGRSGAVPSSPSAERDQHKSHLTFSPAQMKVSAGSMRRDQVMAHIPKQISVVTGTGTTAPATMATNSVLQRRNSSAVDAVRKDLVTELRKAQSSPVPNSLEELGKGKGSTLLNASVGATNTIKLAPGIGGLTFANSAAYQKLKQTSLVKSPGGISPGAGSNMGLKREDSNKRGLQASTTPKSIASAANSPHHQMQSNYSLGSPSSLSSSSASSPLGNVSNLVNIANNNTSGAGSGLVKPLQQKVKLPPVGSPFPKPAYSYSCLIALALKNSRAGSLPVSEIYSFLCQHFPYFENAPSGWKNSVRHNLSLNKCFEKIERPATNGNQRKGCRWAMNPDRINKMDEEVQKWSRKDPAAIRGAMVYPQHLESLERGEMKHGSADSDVELDSQSEIEESSDLEEHEFEDTMVDAMLVEEEDEEEDGDDDEQIINDFDAEDERHANGNQANNLPINHPLLGQKSNDFDIEVGDLYDAIDIEDDKESVRRIISNDQHIIELNPADLNATDGYNQQPALKRARVDINYAIGPAGELEQQYGQKVKVQQVIQPQQHPPTYNRRKMPLVNRVI	Forkhead	539	2					EXP043619				M01012_2.00		
pnt	Drosophila melanogaster	P51023	PNT_DROME	Reviewed	MELAICKTDLSATKFMLPPALPSSAAIGSSSAVASTASHFLDKAAHELFQLNAINGHLFKSPASSHLNSVGSPSILSQLNGIGNSGNHSGQVSTMRLKKNRKVTFLSSLVESKNIFIKEEPIHGCKDLCSLSDISDHEASLEVPTALPPLTPGTNRKVNEVLKASFASWEKEVQKCNITKDPREWTEEHVIYWLNWAKNEFSLVSMNLDPFYKMKGRAMVDLGKEKFLAITPPFTGDILWEHLDILQKDCEKPNEDIVHGNSFESATTASVCGSDHQVANYPNETHANSNNSSINSRLSMDYVTSAGNSDNKNFHRATPHSHNGYNTSNTHDRINNSTPPQQQQSQQPTVNGSGSASSNNNNSMLPPAVQQSNNENNNTSSSNTNNSSNNNNNSGGSNNSNAGSNNNNNNNNNINFMAAAAIFQHHLKEEPGTQNGNIGGYGGGSNSQNDPTDLSSYGLPAHLAAYGGGSGSGPTGGRSSGGGGDESDYHSTISAQDHQSQQSSGGNGSGGASGGSTGNSNGYLDSSSEFYGSYAGRNRFHDGYPPEFTPYDAQSFQSMGPQPTAMDQWGAAHAHQHPAAYMSTLGLDKGLLGGYTTQGGVPCFTGSGPIQLWQFLLELLLDKTCQSFISWTGDGWEFKLTDPDEVARRWGIRKNKPKMNYEKLSRGLRYYYDKNIIHKTAGKRYVYRFVCDLQNLVGHTPEELVAKYDLKIEKKDVD	Ets	622	2					EXP044070					UP01529	
slou	Drosophila melanogaster	P22807	SLOU_DROME	Reviewed	MVMLQSPAQKASDSASAQNTAVGGLMSPNSNPDSPKSNTSPDVASADSVVSGTGGGSTPPAAKIPKFIISANGAAVAGKQEQELRYSLERLKQMSSESGSLLSRLSPLQEDSQDKEKPNHNNNNSLTNHNANSNTRRSQSPPASVGSVSFSSPAQQRKLLELNAVRHLARPEPLQHPHAALLQQHPHLLQNPQFLAAAQQHMHHHQHQHHQHPAHPHSHQHPHPHPHPHPHPHPSAVFHLRAPSSSSTAPPSPATSPLSPPTSPAMHSDQQMSPPIAPPQNPPHSSQPPQQQQVAAPSDMDLERIKLVAAVAARTTQASSTSALASASNSVSNASISISNSSSGSPSGRDLSDYGFRIQLGGLAAAAAAAAATSRQIAAATYARSDTSEELNVDGNDEDSNDGSHSTPSVCPVDLTRSVNSSAAANPSSASTSASSDRDAATKRLAFSVENILDPNKFTGNKLPSGPFGHPRQWSYERDEEMQERLDDDQSEDMSAQDLNDMDQDDMCDDGSDIDDPSSETDSKKGGSRNGDGKSGGGGGGGSKPRRARTAFTYEQLVSLENKFKTTRYLSVCERLNLALSLSLTETQVKIWFQNRRTKWKKQNPGMDVNSPTIPPPGGGSFGPGAYASGLLYSHAVPYPPYGPYFHPLGAHHLSHSHS	Homeodomain	313	2	MA0245.1				EXP043861				M00557_2.00	UP00510	
